onset	duration	trial_type	source_table	source_row	source_onset_column	nwb_epochs_id	nwb_epochs_label	nwb_epochs_start_time	nwb_epochs_stop_time	nwb_invalid_times_id	nwb_invalid_times_start_time	nwb_invalid_times_stop_time	nwb_invalid_times_tags	nwb_invalid_times_timeseries	nwb_trials_condition	nwb_trials_cv_transition_time	nwb_trials_id	nwb_trials_speak	nwb_trials_start_time	nwb_trials_stop_time
51.897981755375206	0.3782087208247944	trials	/intervals/trials	0	start_time	n/a	n/a	n/a	n/a	n/a	n/a	n/a	n/a	n/a	vaa	51.98966850575027	0	true	51.897981755375206	52.2761904762
51.98966850575027	0.0	cv_transition	/intervals/trials	0	cv_transition_time	n/a	n/a	n/a	n/a	n/a	n/a	n/a	n/a	n/a	vaa	51.98966850575027	0	true	51.897981755375206	52.2761904762
53.46051603236199	0.4619329472380116	trials	/intervals/trials	1	start_time	n/a	n/a	n/a	n/a	n/a	n/a	n/a	n/a	n/a	boo	53.6131519274	1	true	53.46051603236199	53.9224489796
53.6131519274	0.0	cv_transition	/intervals/trials	1	cv_transition_time	n/a	n/a	n/a	n/a	n/a	n/a	n/a	n/a	n/a	boo	53.6131519274	1	true	53.46051603236199	53.9224489796
56.265200997676914	0.3710773936060221	trials	/intervals/trials	2	start_time	n/a	n/a	n/a	n/a	n/a	n/a	n/a	n/a	n/a	ree	56.3968253968	2	true	56.265200997676914	56.636278391282936
56.3968253968	0.0	cv_transition	/intervals/trials	2	cv_transition_time	n/a	n/a	n/a	n/a	n/a	n/a	n/a	n/a	n/a	ree	56.3968253968	2	true	56.265200997676914	56.636278391282936
58.86363597404951	0.3328904582461192	trials	/intervals/trials	3	start_time	n/a	n/a	n/a	n/a	n/a	n/a	n/a	n/a	n/a	paa	58.9111111111	3	true	58.86363597404951	59.19652643229563
58.9111111111	0.0	cv_transition	/intervals/trials	3	cv_transition_time	n/a	n/a	n/a	n/a	n/a	n/a	n/a	n/a	n/a	paa	58.9111111111	3	true	58.86363597404951	59.19652643229563
61.9841269841	0.400027960160358	trials	/intervals/trials	4	start_time	n/a	n/a	n/a	n/a	n/a	n/a	n/a	n/a	n/a	kee	62.11923322473211	4	true	61.9841269841	62.38415494426036
62.11923322473211	0.0	cv_transition	/intervals/trials	4	cv_transition_time	n/a	n/a	n/a	n/a	n/a	n/a	n/a	n/a	n/a	kee	62.11923322473211	4	true	61.9841269841	62.38415494426036
65.6058956916	0.369160997700007	trials	/intervals/trials	5	start_time	n/a	n/a	n/a	n/a	n/a	n/a	n/a	n/a	n/a	faa	65.68791576897064	5	true	65.6058956916	65.9750566893
65.68791576897064	0.0	cv_transition	/intervals/trials	5	cv_transition_time	n/a	n/a	n/a	n/a	n/a	n/a	n/a	n/a	n/a	faa	65.68791576897064	5	true	65.6058956916	65.9750566893
68.89321895435785	0.382699107174858	trials	/intervals/trials	6	start_time	n/a	n/a	n/a	n/a	n/a	n/a	n/a	n/a	n/a	loo	69.0081632653	6	true	68.89321895435785	69.2759180615327
69.0081632653	0.0	cv_transition	/intervals/trials	6	cv_transition_time	n/a	n/a	n/a	n/a	n/a	n/a	n/a	n/a	n/a	loo	69.0081632653	6	true	68.89321895435785	69.2759180615327
72.5501133787	0.3841170544138066	trials	/intervals/trials	7	start_time	n/a	n/a	n/a	n/a	n/a	n/a	n/a	n/a	n/a	too	72.64118751590617	7	true	72.5501133787	72.93423043311381
72.64118751590617	0.0	cv_transition	/intervals/trials	7	cv_transition_time	n/a	n/a	n/a	n/a	n/a	n/a	n/a	n/a	n/a	too	72.64118751590617	7	true	72.5501133787	72.93423043311381
75.4552389017829	0.3175502138170998	trials	/intervals/trials	8	start_time	n/a	n/a	n/a	n/a	n/a	n/a	n/a	n/a	n/a	taa	75.52372623357839	8	true	75.4552389017829	75.7727891156
75.52372623357839	0.0	cv_transition	/intervals/trials	8	cv_transition_time	n/a	n/a	n/a	n/a	n/a	n/a	n/a	n/a	n/a	taa	75.52372623357839	8	true	75.4552389017829	75.7727891156
78.56469197102903	0.3470024810971495	trials	/intervals/trials	9	start_time	n/a	n/a	n/a	n/a	n/a	n/a	n/a	n/a	n/a	lee	78.63940542389685	9	true	78.56469197102903	78.91169445212618
78.63940542389685	0.0	cv_transition	/intervals/trials	9	cv_transition_time	n/a	n/a	n/a	n/a	n/a	n/a	n/a	n/a	n/a	lee	78.63940542389685	9	true	78.56469197102903	78.91169445212618
82.04701767158706	0.4282991711401678	trials	/intervals/trials	10	start_time	n/a	n/a	n/a	n/a	n/a	n/a	n/a	n/a	n/a	soo	82.18351930180462	10	true	82.04701767158706	82.47531684272722
82.18351930180462	0.0	cv_transition	/intervals/trials	10	cv_transition_time	n/a	n/a	n/a	n/a	n/a	n/a	n/a	n/a	n/a	soo	82.18351930180462	10	true	82.04701767158706	82.47531684272722
85.13635118209656	0.3254185947130992	trials	/intervals/trials	11	start_time	n/a	n/a	n/a	n/a	n/a	n/a	n/a	n/a	n/a	yee	85.2982303299768	11	true	85.13635118209656	85.46176977680966
85.2982303299768	0.0	cv_transition	/intervals/trials	11	cv_transition_time	n/a	n/a	n/a	n/a	n/a	n/a	n/a	n/a	n/a	yee	85.2982303299768	11	true	85.13635118209656	85.46176977680966
87.6358276644	0.3492063492000028	trials	/intervals/trials	12	start_time	n/a	n/a	n/a	n/a	n/a	n/a	n/a	n/a	n/a	nee	87.72247704173517	12	true	87.6358276644	87.9850340136
87.72247704173517	0.0	cv_transition	/intervals/trials	12	cv_transition_time	n/a	n/a	n/a	n/a	n/a	n/a	n/a	n/a	n/a	nee	87.72247704173517	12	true	87.6358276644	87.9850340136
90.8485260771	0.4766424295242757	trials	/intervals/trials	13	start_time	n/a	n/a	n/a	n/a	n/a	n/a	n/a	n/a	n/a	foo	91.03990483447683	13	true	90.8485260771	91.32516850662428
91.03990483447683	0.0	cv_transition	/intervals/trials	13	cv_transition_time	n/a	n/a	n/a	n/a	n/a	n/a	n/a	n/a	n/a	foo	91.03990483447683	13	true	90.8485260771	91.32516850662428
94.1609977324	0.37913832199998865	trials	/intervals/trials	14	start_time	n/a	n/a	n/a	n/a	n/a	n/a	n/a	n/a	n/a	noo	94.26448502954392	14	true	94.1609977324	94.5401360544
94.26448502954392	0.0	cv_transition	/intervals/trials	14	cv_transition_time	n/a	n/a	n/a	n/a	n/a	n/a	n/a	n/a	n/a	noo	94.26448502954392	14	true	94.1609977324	94.5401360544
95.81719158339739	1.0490180630284414	invalid_times	/intervals/invalid_times	0	start_time	n/a	n/a	n/a	n/a	0	95.81719158339739	96.86620964642583	"[""ECoG artifact""]"	"[{""idx_start"":292410,""count"":3202,""timeseries"":""/acquisition/ElectricalSeries""}]"	n/a	n/a	n/a	n/a	n/a	n/a
97.2140589569	0.31205725658648475	trials	/intervals/trials	15	start_time	n/a	n/a	n/a	n/a	n/a	n/a	n/a	n/a	n/a	doo	97.253968254	15	true	97.2140589569	97.52611621348649
97.253968254	0.0	cv_transition	/intervals/trials	15	cv_transition_time	n/a	n/a	n/a	n/a	n/a	n/a	n/a	n/a	n/a	doo	97.253968254	15	true	97.2140589569	97.52611621348649
100.267120181	0.3186977314285855	trials	/intervals/trials	16	start_time	n/a	n/a	n/a	n/a	n/a	n/a	n/a	n/a	n/a	goo	100.317006803	16	true	100.267120181	100.58581791242858
100.317006803	0.0	cv_transition	/intervals/trials	16	cv_transition_time	n/a	n/a	n/a	n/a	n/a	n/a	n/a	n/a	n/a	goo	100.317006803	16	true	100.267120181	100.58581791242858
103.3066843729917	0.4026126790082998	trials	/intervals/trials	17	start_time	n/a	n/a	n/a	n/a	n/a	n/a	n/a	n/a	n/a	see	103.40269528165047	17	true	103.3066843729917	103.709297052
103.40269528165047	0.0	cv_transition	/intervals/trials	17	cv_transition_time	n/a	n/a	n/a	n/a	n/a	n/a	n/a	n/a	n/a	see	103.40269528165047	17	true	103.3066843729917	103.709297052
106.333333333	0.3113650297291599	trials	/intervals/trials	18	start_time	n/a	n/a	n/a	n/a	n/a	n/a	n/a	n/a	n/a	dee	106.37324263	18	true	106.333333333	106.64469836272916
106.37324263	0.0	cv_transition	/intervals/trials	18	cv_transition_time	n/a	n/a	n/a	n/a	n/a	n/a	n/a	n/a	n/a	dee	106.37324263	18	true	106.333333333	106.64469836272916
109.865306122	0.36555377889868623	trials	/intervals/trials	19	start_time	n/a	n/a	n/a	n/a	n/a	n/a	n/a	n/a	n/a	kaa	109.9363649022242	19	true	109.865306122	110.2308599008987
109.9363649022242	0.0	cv_transition	/intervals/trials	19	cv_transition_time	n/a	n/a	n/a	n/a	n/a	n/a	n/a	n/a	n/a	kaa	109.9363649022242	19	true	109.865306122	110.2308599008987
112.678911565	0.41419463023764536	trials	/intervals/trials	20	start_time	n/a	n/a	n/a	n/a	n/a	n/a	n/a	n/a	n/a	fee	112.81430528740161	20	true	112.678911565	113.09310619523765
112.81430528740161	0.0	cv_transition	/intervals/trials	20	cv_transition_time	n/a	n/a	n/a	n/a	n/a	n/a	n/a	n/a	n/a	fee	112.81430528740161	20	true	112.678911565	113.09310619523765
115.322902494	0.33697401599181376	trials	/intervals/trials	21	start_time	n/a	n/a	n/a	n/a	n/a	n/a	n/a	n/a	n/a	tee	115.41846446562384	21	true	115.322902494	115.65987650999182
115.41846446562384	0.0	cv_transition	/intervals/trials	21	cv_transition_time	n/a	n/a	n/a	n/a	n/a	n/a	n/a	n/a	n/a	tee	115.41846446562384	21	true	115.322902494	115.65987650999182
118.96462585	0.43900226799999587	trials	/intervals/trials	22	start_time	n/a	n/a	n/a	n/a	n/a	n/a	n/a	n/a	n/a	mee	119.10341180936679	22	true	118.96462585	119.403628118
119.10341180936679	0.0	cv_transition	/intervals/trials	22	cv_transition_time	n/a	n/a	n/a	n/a	n/a	n/a	n/a	n/a	n/a	mee	119.10341180936679	22	true	118.96462585	119.403628118
122.190413368801	0.3351149984916759	trials	/intervals/trials	23	start_time	n/a	n/a	n/a	n/a	n/a	n/a	n/a	n/a	n/a	foo	122.23611086859532	23	true	122.190413368801	122.52552836729268
122.23611086859532	0.0	cv_transition	/intervals/trials	23	cv_transition_time	n/a	n/a	n/a	n/a	n/a	n/a	n/a	n/a	n/a	foo	122.23611086859532	23	true	122.190413368801	122.52552836729268
125.45697906996038	0.4087618460261666	trials	/intervals/trials	24	start_time	n/a	n/a	n/a	n/a	n/a	n/a	n/a	n/a	n/a	saa	125.58714770573815	24	true	125.45697906996038	125.86574091598655
125.58714770573815	0.0	cv_transition	/intervals/trials	24	cv_transition_time	n/a	n/a	n/a	n/a	n/a	n/a	n/a	n/a	n/a	saa	125.58714770573815	24	true	125.45697906996038	125.86574091598655
129.2613268702358	0.3337275136339599	trials	/intervals/trials	25	start_time	n/a	n/a	n/a	n/a	n/a	n/a	n/a	n/a	n/a	raa	129.3457973197448	25	true	129.2613268702358	129.59505438386975
129.26498366641044	0.4380514988470452	invalid_times	/intervals/invalid_times	6	start_time	n/a	n/a	n/a	n/a	6	129.26498366641044	129.7030351652575	"[""ECoG artifact""]"	"[{""idx_start"":394485,""count"":1337,""timeseries"":""/acquisition/ElectricalSeries""}]"	n/a	n/a	n/a	n/a	n/a	n/a
129.3457973197448	0.0	cv_transition	/intervals/trials	25	cv_transition_time	n/a	n/a	n/a	n/a	n/a	n/a	n/a	n/a	n/a	raa	129.3457973197448	25	true	129.2613268702358	129.59505438386975
131.935147392	0.3460293726993484	trials	/intervals/trials	26	start_time	n/a	n/a	n/a	n/a	n/a	n/a	n/a	n/a	n/a	bee	132.014965986	26	true	131.935147392	132.28117676469935
132.014965986	0.0	cv_transition	/intervals/trials	26	cv_transition_time	n/a	n/a	n/a	n/a	n/a	n/a	n/a	n/a	n/a	bee	132.014965986	26	true	131.935147392	132.28117676469935
134.7589120926675	0.3390470913325032	trials	/intervals/trials	27	start_time	n/a	n/a	n/a	n/a	n/a	n/a	n/a	n/a	n/a	waa	134.85630698253854	27	true	134.7589120926675	135.097959184
134.85630698253854	0.0	cv_transition	/intervals/trials	27	cv_transition_time	n/a	n/a	n/a	n/a	n/a	n/a	n/a	n/a	n/a	waa	134.85630698253854	27	true	134.7589120926675	135.097959184
137.55537435406018	0.352190999865428	trials	/intervals/trials	28	start_time	n/a	n/a	n/a	n/a	n/a	n/a	n/a	n/a	n/a	yoo	137.702040816	28	true	137.55537435406018	137.9075653539256
137.702040816	0.0	cv_transition	/intervals/trials	28	cv_transition_time	n/a	n/a	n/a	n/a	n/a	n/a	n/a	n/a	n/a	yoo	137.702040816	28	true	137.55537435406018	137.9075653539256
140.545578231	0.3691609979999839	trials	/intervals/trials	29	start_time	n/a	n/a	n/a	n/a	n/a	n/a	n/a	n/a	n/a	gaa	140.66188258135463	29	true	140.545578231	140.914739229
140.66188258135463	0.0	cv_transition	/intervals/trials	29	cv_transition_time	n/a	n/a	n/a	n/a	n/a	n/a	n/a	n/a	n/a	gaa	140.66188258135463	29	true	140.545578231	140.914739229
143.7736089490596	0.393737989940405	trials	/intervals/trials	30	start_time	n/a	n/a	n/a	n/a	n/a	n/a	n/a	n/a	n/a	shee	143.8968527196547	30	true	143.7736089490596	144.167346939
143.8968527196547	0.0	cv_transition	/intervals/trials	30	cv_transition_time	n/a	n/a	n/a	n/a	n/a	n/a	n/a	n/a	n/a	shee	143.8968527196547	30	true	143.7736089490596	144.167346939
147.25193358128644	0.3775448767135572	trials	/intervals/trials	31	start_time	n/a	n/a	n/a	n/a	n/a	n/a	n/a	n/a	n/a	zee	147.37148465463525	31	true	147.25193358128644	147.629478458
147.37148465463525	0.0	cv_transition	/intervals/trials	31	cv_transition_time	n/a	n/a	n/a	n/a	n/a	n/a	n/a	n/a	n/a	zee	147.37148465463525	31	true	147.25193358128644	147.629478458
150.04354720219467	0.32969542780531924	trials	/intervals/trials	32	start_time	n/a	n/a	n/a	n/a	n/a	n/a	n/a	n/a	n/a	baa	150.103854875	32	true	150.04354720219467	150.37324263
150.103854875	0.0	cv_transition	/intervals/trials	32	cv_transition_time	n/a	n/a	n/a	n/a	n/a	n/a	n/a	n/a	n/a	baa	150.103854875	32	true	150.04354720219467	150.37324263
152.707936508	0.3395073507000461	trials	/intervals/trials	33	start_time	n/a	n/a	n/a	n/a	n/a	n/a	n/a	n/a	n/a	pee	152.78757028999198	33	true	152.707936508	153.04744385870003
152.78757028999198	0.0	cv_transition	/intervals/trials	33	cv_transition_time	n/a	n/a	n/a	n/a	n/a	n/a	n/a	n/a	n/a	pee	152.78757028999198	33	true	152.707936508	153.04744385870003
155.66209227397238	0.3346506879455262	trials	/intervals/trials	34	start_time	n/a	n/a	n/a	n/a	n/a	n/a	n/a	n/a	n/a	dee	155.76687255833602	34	true	155.66209227397238	155.9967429619179
155.76687255833602	0.0	cv_transition	/intervals/trials	34	cv_transition_time	n/a	n/a	n/a	n/a	n/a	n/a	n/a	n/a	n/a	dee	155.76687255833602	34	true	155.66209227397238	155.9967429619179
159.60732664840862	0.4380462108418328	trials	/intervals/trials	35	start_time	n/a	n/a	n/a	n/a	n/a	n/a	n/a	n/a	n/a	shaa	159.74949549239102	35	true	159.60732664840862	160.04537285925045
159.74949549239102	0.0	cv_transition	/intervals/trials	35	cv_transition_time	n/a	n/a	n/a	n/a	n/a	n/a	n/a	n/a	n/a	shaa	159.74949549239102	35	true	159.60732664840862	160.04537285925045
163.12485974185992	0.3180335503371907	trials	/intervals/trials	36	start_time	n/a	n/a	n/a	n/a	n/a	n/a	n/a	n/a	n/a	yaa	163.20240638403212	36	true	163.12485974185992	163.4428932921971
163.20240638403212	0.0	cv_transition	/intervals/trials	36	cv_transition_time	n/a	n/a	n/a	n/a	n/a	n/a	n/a	n/a	n/a	yaa	163.20240638403212	36	true	163.12485974185992	163.4428932921971
166.04607407216446	0.4048119356251618	trials	/intervals/trials	37	start_time	n/a	n/a	n/a	n/a	n/a	n/a	n/a	n/a	n/a	daa	166.17485688862902	37	true	166.04607407216446	166.45088600778962
166.17485688862902	0.0	cv_transition	/intervals/trials	37	cv_transition_time	n/a	n/a	n/a	n/a	n/a	n/a	n/a	n/a	n/a	daa	166.17485688862902	37	true	166.04607407216446	166.45088600778962
168.811337868	0.41893070342320016	trials	/intervals/trials	38	start_time	n/a	n/a	n/a	n/a	n/a	n/a	n/a	n/a	n/a	koo	168.911111111	38	true	168.811337868	169.2302685714232
168.911111111	0.0	cv_transition	/intervals/trials	38	cv_transition_time	n/a	n/a	n/a	n/a	n/a	n/a	n/a	n/a	n/a	koo	168.911111111	38	true	168.811337868	169.2302685714232
171.93962716359144	0.3318811650107989	trials	/intervals/trials	39	start_time	n/a	n/a	n/a	n/a	n/a	n/a	n/a	n/a	n/a	voo	172.024036281	39	true	171.93962716359144	172.27150832860224
172.024036281	0.0	cv_transition	/intervals/trials	39	cv_transition_time	n/a	n/a	n/a	n/a	n/a	n/a	n/a	n/a	n/a	voo	172.024036281	39	true	171.93962716359144	172.27150832860224
175.645804989	0.4397209924580352	trials	/intervals/trials	40	start_time	n/a	n/a	n/a	n/a	n/a	n/a	n/a	n/a	n/a	shoo	175.81430331169219	40	true	175.645804989	176.08552598145803
175.81430331169219	0.0	cv_transition	/intervals/trials	40	cv_transition_time	n/a	n/a	n/a	n/a	n/a	n/a	n/a	n/a	n/a	shoo	175.81430331169219	40	true	175.645804989	176.08552598145803
179.27755102	0.3699125880043823	trials	/intervals/trials	41	start_time	n/a	n/a	n/a	n/a	n/a	n/a	n/a	n/a	n/a	foo	179.36174115857227	41	true	179.27755102	179.6474636080044
179.36174115857227	0.0	cv_transition	/intervals/trials	41	cv_transition_time	n/a	n/a	n/a	n/a	n/a	n/a	n/a	n/a	n/a	foo	179.36174115857227	41	true	179.27755102	179.6474636080044
181.8525043210096	0.3249573576739806	trials	/intervals/trials	42	start_time	n/a	n/a	n/a	n/a	n/a	n/a	n/a	n/a	n/a	voo	181.901587302	42	true	181.8525043210096	182.17746167868358
181.901587302	0.0	cv_transition	/intervals/trials	42	cv_transition_time	n/a	n/a	n/a	n/a	n/a	n/a	n/a	n/a	n/a	voo	181.901587302	42	true	181.8525043210096	182.17746167868358
184.395918367	0.3192743769999993	trials	/intervals/trials	43	start_time	n/a	n/a	n/a	n/a	n/a	n/a	n/a	n/a	n/a	hee	184.4355897795793	43	true	184.395918367	184.715192744
184.4355897795793	0.0	cv_transition	/intervals/trials	43	cv_transition_time	n/a	n/a	n/a	n/a	n/a	n/a	n/a	n/a	n/a	hee	184.4355897795793	43	true	184.395918367	184.715192744
187.81166844896305	0.3743471833431897	trials	/intervals/trials	44	start_time	n/a	n/a	n/a	n/a	n/a	n/a	n/a	n/a	n/a	haa	187.897959184	44	true	187.81166844896305	188.18601563230624
187.897959184	0.0	cv_transition	/intervals/trials	44	cv_transition_time	n/a	n/a	n/a	n/a	n/a	n/a	n/a	n/a	n/a	haa	187.897959184	44	true	187.81166844896305	188.18601563230624
190.801360544	0.4027522597787083	trials	/intervals/trials	45	start_time	n/a	n/a	n/a	n/a	n/a	n/a	n/a	n/a	n/a	vee	190.8625383084964	45	true	190.801360544	191.2041128037787
190.8625383084964	0.0	cv_transition	/intervals/trials	45	cv_transition_time	n/a	n/a	n/a	n/a	n/a	n/a	n/a	n/a	n/a	vee	190.8625383084964	45	true	190.801360544	191.2041128037787
194.293424036	0.4107541381146689	trials	/intervals/trials	46	start_time	n/a	n/a	n/a	n/a	n/a	n/a	n/a	n/a	n/a	soo	194.43784238522562	46	true	194.293424036	194.70417817411467
194.43784238522562	0.0	cv_transition	/intervals/trials	46	cv_transition_time	n/a	n/a	n/a	n/a	n/a	n/a	n/a	n/a	n/a	soo	194.43784238522562	46	true	194.293424036	194.70417817411467
197.117006803	0.33491117068825815	trials	/intervals/trials	47	start_time	n/a	n/a	n/a	n/a	n/a	n/a	n/a	n/a	n/a	naa	197.20404567103068	47	true	197.117006803	197.45191797368827
197.20404567103068	0.0	cv_transition	/intervals/trials	47	cv_transition_time	n/a	n/a	n/a	n/a	n/a	n/a	n/a	n/a	n/a	naa	197.20404567103068	47	true	197.117006803	197.45191797368827
200.110204082	0.36908098795146316	trials	/intervals/trials	48	start_time	n/a	n/a	n/a	n/a	n/a	n/a	n/a	n/a	n/a	daa	200.16402104254897	48	true	200.110204082	200.47928506995146
200.16402104254897	0.0	cv_transition	/intervals/trials	48	cv_transition_time	n/a	n/a	n/a	n/a	n/a	n/a	n/a	n/a	n/a	daa	200.16402104254897	48	true	200.110204082	200.47928506995146
202.91590825684216	0.30141641272888364	trials	/intervals/trials	49	start_time	n/a	n/a	n/a	n/a	n/a	n/a	n/a	n/a	n/a	moo	202.98283839443127	49	true	202.91590825684216	203.21732466957104
202.98283839443127	0.0	cv_transition	/intervals/trials	49	cv_transition_time	n/a	n/a	n/a	n/a	n/a	n/a	n/a	n/a	n/a	moo	202.98283839443127	49	true	202.91590825684216	203.21732466957104
205.487981859	0.3242502055143177	trials	/intervals/trials	50	start_time	n/a	n/a	n/a	n/a	n/a	n/a	n/a	n/a	n/a	wee	205.587755102	50	true	205.487981859	205.81223206451432
205.587755102	0.0	cv_transition	/intervals/trials	50	cv_transition_time	n/a	n/a	n/a	n/a	n/a	n/a	n/a	n/a	n/a	wee	205.587755102	50	true	205.487981859	205.81223206451432
208.58183121535404	0.35496052280015533	trials	/intervals/trials	51	start_time	n/a	n/a	n/a	n/a	n/a	n/a	n/a	n/a	n/a	doo	208.690702948	51	true	208.58183121535404	208.9367917381542
208.690702948	0.0	cv_transition	/intervals/trials	51	cv_transition_time	n/a	n/a	n/a	n/a	n/a	n/a	n/a	n/a	n/a	doo	208.690702948	51	true	208.58183121535404	208.9367917381542
212.22618321539457	0.3456988706054176	trials	/intervals/trials	52	start_time	n/a	n/a	n/a	n/a	n/a	n/a	n/a	n/a	n/a	maa	212.31065366490358	52	true	212.22618321539457	212.571882086
212.31065366490358	0.0	cv_transition	/intervals/trials	52	cv_transition_time	n/a	n/a	n/a	n/a	n/a	n/a	n/a	n/a	n/a	maa	212.31065366490358	52	true	212.22618321539457	212.571882086
215.425396825	0.329251701000004	trials	/intervals/trials	53	start_time	n/a	n/a	n/a	n/a	n/a	n/a	n/a	n/a	n/a	lee	215.495238095	53	true	215.425396825	215.754648526
215.495238095	0.0	cv_transition	/intervals/trials	53	cv_transition_time	n/a	n/a	n/a	n/a	n/a	n/a	n/a	n/a	n/a	lee	215.495238095	53	true	215.425396825	215.754648526
219.03746758544938	0.3788589455506326	trials	/intervals/trials	54	start_time	n/a	n/a	n/a	n/a	n/a	n/a	n/a	n/a	n/a	zaa	219.15286437439613	54	true	219.03746758544938	219.416326531
219.15286437439613	0.0	cv_transition	/intervals/trials	54	cv_transition_time	n/a	n/a	n/a	n/a	n/a	n/a	n/a	n/a	n/a	zaa	219.15286437439613	54	true	219.03746758544938	219.416326531
222.2	0.34934156038175956	trials	/intervals/trials	55	start_time	n/a	n/a	n/a	n/a	n/a	n/a	n/a	n/a	n/a	woo	222.37347685402693	55	true	222.2	222.54934156038175
222.37347685402693	0.0	cv_transition	/intervals/trials	55	cv_transition_time	n/a	n/a	n/a	n/a	n/a	n/a	n/a	n/a	n/a	woo	222.37347685402693	55	true	222.2	222.54934156038175
225.658366615479	0.3785014677452807	trials	/intervals/trials	56	start_time	n/a	n/a	n/a	n/a	n/a	n/a	n/a	n/a	n/a	laa	225.751927438	56	true	225.658366615479	226.03686808322428
225.751927438	0.0	cv_transition	/intervals/trials	56	cv_transition_time	n/a	n/a	n/a	n/a	n/a	n/a	n/a	n/a	n/a	laa	225.751927438	56	true	225.658366615479	226.03686808322428
228.0412849467691	0.39454271723087686	trials	/intervals/trials	57	start_time	n/a	n/a	n/a	n/a	n/a	n/a	n/a	n/a	n/a	doo	228.1414493595749	57	true	228.0412849467691	228.435827664
228.1414493595749	0.0	cv_transition	/intervals/trials	57	cv_transition_time	n/a	n/a	n/a	n/a	n/a	n/a	n/a	n/a	n/a	doo	228.1414493595749	57	true	228.0412849467691	228.435827664
230.79987018658966	0.34434401821707183	trials	/intervals/trials	58	start_time	n/a	n/a	n/a	n/a	n/a	n/a	n/a	n/a	n/a	zoo	230.910204082	58	true	230.79987018658966	231.14421420480673
230.910204082	0.0	cv_transition	/intervals/trials	58	cv_transition_time	n/a	n/a	n/a	n/a	n/a	n/a	n/a	n/a	n/a	zoo	230.910204082	58	true	230.79987018658966	231.14421420480673
234.132879819	0.337248559391611	trials	/intervals/trials	59	start_time	n/a	n/a	n/a	n/a	n/a	n/a	n/a	n/a	n/a	daa	234.192743764	59	true	234.132879819	234.47012837839162
234.192743764	0.0	cv_transition	/intervals/trials	59	cv_transition_time	n/a	n/a	n/a	n/a	n/a	n/a	n/a	n/a	n/a	daa	234.192743764	59	true	234.132879819	234.47012837839162
237.20718079913195	0.3494214769307291	trials	/intervals/trials	60	start_time	n/a	n/a	n/a	n/a	n/a	n/a	n/a	n/a	n/a	raa	237.345578231	60	true	237.20718079913195	237.55660227606268
237.345578231	0.0	cv_transition	/intervals/trials	60	cv_transition_time	n/a	n/a	n/a	n/a	n/a	n/a	n/a	n/a	n/a	raa	237.345578231	60	true	237.20718079913195	237.55660227606268
240.47904951688759	0.44928267433985525	trials	/intervals/trials	61	start_time	n/a	n/a	n/a	n/a	n/a	n/a	n/a	n/a	n/a	shoo	240.64337454434772	61	true	240.47904951688759	240.92833219122744
240.64337454434772	0.0	cv_transition	/intervals/trials	61	cv_transition_time	n/a	n/a	n/a	n/a	n/a	n/a	n/a	n/a	n/a	shoo	240.64337454434772	61	true	240.47904951688759	240.92833219122744
243.760997732	0.3472571128319544	trials	/intervals/trials	62	start_time	n/a	n/a	n/a	n/a	n/a	n/a	n/a	n/a	n/a	thoo	243.81699334953038	62	true	243.760997732	244.10825484483195
243.81699334953038	0.0	cv_transition	/intervals/trials	62	cv_transition_time	n/a	n/a	n/a	n/a	n/a	n/a	n/a	n/a	n/a	thoo	243.81699334953038	62	true	243.760997732	244.10825484483195
247.19769184116942	0.38080940352421067	trials	/intervals/trials	63	start_time	n/a	n/a	n/a	n/a	n/a	n/a	n/a	n/a	n/a	voo	247.332879819	63	true	247.19769184116942	247.57850124469363
247.332879819	0.0	cv_transition	/intervals/trials	63	cv_transition_time	n/a	n/a	n/a	n/a	n/a	n/a	n/a	n/a	n/a	voo	247.332879819	63	true	247.19769184116942	247.57850124469363
250.3945124303686	0.31895672464878544	trials	/intervals/trials	64	start_time	n/a	n/a	n/a	n/a	n/a	n/a	n/a	n/a	n/a	fee	250.4508260633746	64	true	250.3945124303686	250.71346915501738
250.4508260633746	0.0	cv_transition	/intervals/trials	64	cv_transition_time	n/a	n/a	n/a	n/a	n/a	n/a	n/a	n/a	n/a	fee	250.4508260633746	64	true	250.3945124303686	250.71346915501738
253.58951669959674	0.3782837544032702	trials	/intervals/trials	65	start_time	n/a	n/a	n/a	n/a	n/a	n/a	n/a	n/a	n/a	boo	253.698412698	65	true	253.58951669959674	253.967800454
253.698412698	0.0	cv_transition	/intervals/trials	65	cv_transition_time	n/a	n/a	n/a	n/a	n/a	n/a	n/a	n/a	n/a	boo	253.698412698	65	true	253.58951669959674	253.967800454
256.7764127340739	0.3833944643080258	trials	/intervals/trials	66	start_time	n/a	n/a	n/a	n/a	n/a	n/a	n/a	n/a	n/a	foo	256.872884188298	66	true	256.7764127340739	257.15980719838194
256.872884188298	0.0	cv_transition	/intervals/trials	66	cv_transition_time	n/a	n/a	n/a	n/a	n/a	n/a	n/a	n/a	n/a	foo	256.872884188298	66	true	256.7764127340739	257.15980719838194
259.66245001085554	0.33741929683139915	trials	/intervals/trials	67	start_time	n/a	n/a	n/a	n/a	n/a	n/a	n/a	n/a	n/a	yee	259.8309288663186	67	true	259.66245001085554	259.99986930768694
259.8309288663186	0.0	cv_transition	/intervals/trials	67	cv_transition_time	n/a	n/a	n/a	n/a	n/a	n/a	n/a	n/a	n/a	yee	259.8309288663186	67	true	259.66245001085554	259.99986930768694
262.9939573111597	0.3974254645305564	trials	/intervals/trials	68	start_time	n/a	n/a	n/a	n/a	n/a	n/a	n/a	n/a	n/a	waa	263.146938776	68	true	262.9939573111597	263.39138277569026
263.146938776	0.0	cv_transition	/intervals/trials	68	cv_transition_time	n/a	n/a	n/a	n/a	n/a	n/a	n/a	n/a	n/a	waa	263.146938776	68	true	262.9939573111597	263.39138277569026
266.606572373829	0.3370252834195071	trials	/intervals/trials	69	start_time	n/a	n/a	n/a	n/a	n/a	n/a	n/a	n/a	n/a	poo	266.684186378426	69	true	266.606572373829	266.9435976572485
266.684186378426	0.0	cv_transition	/intervals/trials	69	cv_transition_time	n/a	n/a	n/a	n/a	n/a	n/a	n/a	n/a	n/a	poo	266.684186378426	69	true	266.606572373829	266.9435976572485
269.662131519	0.3160943504791476	trials	/intervals/trials	70	start_time	n/a	n/a	n/a	n/a	n/a	n/a	n/a	n/a	n/a	roo	269.78185941	70	true	269.662131519	269.97822586947916
269.78185941	0.0	cv_transition	/intervals/trials	70	cv_transition_time	n/a	n/a	n/a	n/a	n/a	n/a	n/a	n/a	n/a	roo	269.78185941	70	true	269.662131519	269.97822586947916
272.53651335246525	0.38403938657955905	trials	/intervals/trials	71	start_time	n/a	n/a	n/a	n/a	n/a	n/a	n/a	n/a	n/a	too	272.615419501	71	true	272.53651335246525	272.9205527390448
272.615419501	0.0	cv_transition	/intervals/trials	71	cv_transition_time	n/a	n/a	n/a	n/a	n/a	n/a	n/a	n/a	n/a	too	272.615419501	71	true	272.53651335246525	272.9205527390448
276.0699177205068	0.46158580117742076	trials	/intervals/trials	72	start_time	n/a	n/a	n/a	n/a	n/a	n/a	n/a	n/a	n/a	saa	276.2250105497024	72	true	276.0699177205068	276.5315035216842
276.2250105497024	0.0	cv_transition	/intervals/trials	72	cv_transition_time	n/a	n/a	n/a	n/a	n/a	n/a	n/a	n/a	n/a	saa	276.2250105497024	72	true	276.0699177205068	276.5315035216842
279.130612245	0.3776734933432522	trials	/intervals/trials	73	start_time	n/a	n/a	n/a	n/a	n/a	n/a	n/a	n/a	n/a	tee	279.230385488	73	true	279.130612245	279.50828573834326
279.230385488	0.0	cv_transition	/intervals/trials	73	cv_transition_time	n/a	n/a	n/a	n/a	n/a	n/a	n/a	n/a	n/a	tee	279.230385488	73	true	279.130612245	279.50828573834326
282.572789116	0.32925169999998616	trials	/intervals/trials	74	start_time	n/a	n/a	n/a	n/a	n/a	n/a	n/a	n/a	n/a	ree	282.6584894377825	74	true	282.572789116	282.902040816
282.6584894377825	0.0	cv_transition	/intervals/trials	74	cv_transition_time	n/a	n/a	n/a	n/a	n/a	n/a	n/a	n/a	n/a	ree	282.6584894377825	74	true	282.572789116	282.902040816
285.59733134564584	0.3424965871566883	trials	/intervals/trials	75	start_time	n/a	n/a	n/a	n/a	n/a	n/a	n/a	n/a	n/a	hoo	285.6462594295254	75	true	285.59733134564584	285.93982793280253
285.6462594295254	0.0	cv_transition	/intervals/trials	75	cv_transition_time	n/a	n/a	n/a	n/a	n/a	n/a	n/a	n/a	n/a	hoo	285.6462594295254	75	true	285.59733134564584	285.93982793280253
289.048072562	0.40907029499999226	trials	/intervals/trials	76	start_time	n/a	n/a	n/a	n/a	n/a	n/a	n/a	n/a	n/a	gaa	289.197732426	76	true	289.048072562	289.457142857
289.197732426	0.0	cv_transition	/intervals/trials	76	cv_transition_time	n/a	n/a	n/a	n/a	n/a	n/a	n/a	n/a	n/a	gaa	289.197732426	76	true	289.048072562	289.457142857
292.842067548663	0.3332648732172174	trials	/intervals/trials	77	start_time	n/a	n/a	n/a	n/a	n/a	n/a	n/a	n/a	n/a	moo	292.949206349	77	true	292.842067548663	293.1753324218802
292.949206349	0.0	cv_transition	/intervals/trials	77	cv_transition_time	n/a	n/a	n/a	n/a	n/a	n/a	n/a	n/a	n/a	moo	292.949206349	77	true	292.842067548663	293.1753324218802
298.227210884	0.339291596505916	trials	/intervals/trials	78	start_time	n/a	n/a	n/a	n/a	n/a	n/a	n/a	n/a	n/a	paa	298.2757034914106	78	true	298.227210884	298.5665024805059
298.2757034914106	0.0	cv_transition	/intervals/trials	78	cv_transition_time	n/a	n/a	n/a	n/a	n/a	n/a	n/a	n/a	n/a	paa	298.2757034914106	78	true	298.227210884	298.5665024805059
301.4888795595759	0.3102134114241153	trials	/intervals/trials	79	start_time	n/a	n/a	n/a	n/a	n/a	n/a	n/a	n/a	n/a	gee	301.53968096315754	79	true	301.4888795595759	301.799092971
301.53968096315754	0.0	cv_transition	/intervals/trials	79	cv_transition_time	n/a	n/a	n/a	n/a	n/a	n/a	n/a	n/a	n/a	gee	301.53968096315754	79	true	301.4888795595759	301.799092971
305.09101685147294	0.39968609652703435	trials	/intervals/trials	80	start_time	n/a	n/a	n/a	n/a	n/a	n/a	n/a	n/a	n/a	dee	305.231292517	80	true	305.09101685147294	305.490702948
305.231292517	0.0	cv_transition	/intervals/trials	80	cv_transition_time	n/a	n/a	n/a	n/a	n/a	n/a	n/a	n/a	n/a	dee	305.231292517	80	true	305.09101685147294	305.490702948
308.5569157582425	0.3415734157627526	trials	/intervals/trials	81	start_time	n/a	n/a	n/a	n/a	n/a	n/a	n/a	n/a	n/a	maa	308.6640036399411	81	true	308.5569157582425	308.89848917400525
308.6640036399411	0.0	cv_transition	/intervals/trials	81	cv_transition_time	n/a	n/a	n/a	n/a	n/a	n/a	n/a	n/a	n/a	maa	308.6640036399411	81	true	308.5569157582425	308.89848917400525
311.3091704242057	0.29541484606511403	trials	/intervals/trials	82	start_time	n/a	n/a	n/a	n/a	n/a	n/a	n/a	n/a	n/a	hee	311.3507131369336	82	true	311.3091704242057	311.60458527027083
311.3507131369336	0.0	cv_transition	/intervals/trials	82	cv_transition_time	n/a	n/a	n/a	n/a	n/a	n/a	n/a	n/a	n/a	hee	311.3507131369336	82	true	311.3091704242057	311.60458527027083
313.7757128969688	0.4251941320312085	trials	/intervals/trials	83	start_time	n/a	n/a	n/a	n/a	n/a	n/a	n/a	n/a	n/a	faa	313.9123422632739	83	true	313.7757128969688	314.200907029
313.9123422632739	0.0	cv_transition	/intervals/trials	83	cv_transition_time	n/a	n/a	n/a	n/a	n/a	n/a	n/a	n/a	n/a	faa	313.9123422632739	83	true	313.7757128969688	314.200907029
316.695238095	0.34560740641893517	trials	/intervals/trials	84	start_time	n/a	n/a	n/a	n/a	n/a	n/a	n/a	n/a	n/a	wee	316.824943311	84	true	316.695238095	317.0408455014189
316.824943311	0.0	cv_transition	/intervals/trials	84	cv_transition_time	n/a	n/a	n/a	n/a	n/a	n/a	n/a	n/a	n/a	wee	316.824943311	84	true	316.695238095	317.0408455014189
319.4254819447005	0.34277202329951706	trials	/intervals/trials	85	start_time	n/a	n/a	n/a	n/a	n/a	n/a	n/a	n/a	n/a	yaa	319.5408783689447	85	true	319.4254819447005	319.768253968
319.5408783689447	0.0	cv_transition	/intervals/trials	85	cv_transition_time	n/a	n/a	n/a	n/a	n/a	n/a	n/a	n/a	n/a	yaa	319.5408783689447	85	true	319.4254819447005	319.768253968
322.741496599	0.3791383219999602	trials	/intervals/trials	86	start_time	n/a	n/a	n/a	n/a	n/a	n/a	n/a	n/a	n/a	lee	322.841269841	86	true	322.741496599	323.120634921
322.841269841	0.0	cv_transition	/intervals/trials	86	cv_transition_time	n/a	n/a	n/a	n/a	n/a	n/a	n/a	n/a	n/a	lee	322.841269841	86	true	322.741496599	323.120634921
326.2591368113463	0.4246588412185588	trials	/intervals/trials	87	start_time	n/a	n/a	n/a	n/a	n/a	n/a	n/a	n/a	n/a	shaa	326.3911503206817	87	true	326.2591368113463	326.68379565256487
326.3911503206817	0.0	cv_transition	/intervals/trials	87	cv_transition_time	n/a	n/a	n/a	n/a	n/a	n/a	n/a	n/a	n/a	shaa	326.3911503206817	87	true	326.2591368113463	326.68379565256487
329.526077098	0.2754147750395646	trials	/intervals/trials	88	start_time	n/a	n/a	n/a	n/a	n/a	n/a	n/a	n/a	n/a	noo	329.60301002333955	88	true	329.526077098	329.80149187303954
329.60301002333955	0.0	cv_transition	/intervals/trials	88	cv_transition_time	n/a	n/a	n/a	n/a	n/a	n/a	n/a	n/a	n/a	noo	329.60301002333955	88	true	329.526077098	329.80149187303954
332.8888917482292	0.46527838255246934	trials	/intervals/trials	89	start_time	n/a	n/a	n/a	n/a	n/a	n/a	n/a	n/a	n/a	soo	333.0550625991408	89	true	332.8888917482292	333.35417013078165
333.0550625991408	0.0	cv_transition	/intervals/trials	89	cv_transition_time	n/a	n/a	n/a	n/a	n/a	n/a	n/a	n/a	n/a	soo	333.0550625991408	89	true	332.8888917482292	333.35417013078165
335.86284428451347	0.3304953590352966	trials	/intervals/trials	90	start_time	n/a	n/a	n/a	n/a	n/a	n/a	n/a	n/a	n/a	yoo	336.001360544	90	true	335.86284428451347	336.19333964354877
336.001360544	0.0	cv_transition	/intervals/trials	90	cv_transition_time	n/a	n/a	n/a	n/a	n/a	n/a	n/a	n/a	n/a	yoo	336.001360544	90	true	335.86284428451347	336.19333964354877
338.4637596079939	0.3573578016909664	invalid_times	/intervals/invalid_times	9	start_time	n/a	n/a	n/a	n/a	9	338.4637596079939	338.82111740968486	"[""ECoG artifact""]"	"[{""idx_start"":1032909,""count"":1090,""timeseries"":""/acquisition/ElectricalSeries""}]"	n/a	n/a	n/a	n/a	n/a	n/a
338.99259213849473	0.3910813305052443	trials	/intervals/trials	91	start_time	n/a	n/a	n/a	n/a	n/a	n/a	n/a	n/a	n/a	zaa	339.1107580769207	91	true	338.99259213849473	339.383673469
339.1107580769207	0.0	cv_transition	/intervals/trials	91	cv_transition_time	n/a	n/a	n/a	n/a	n/a	n/a	n/a	n/a	n/a	zaa	339.1107580769207	91	true	338.99259213849473	339.383673469
342.2524926352881	0.2840153017119178	trials	/intervals/trials	92	start_time	n/a	n/a	n/a	n/a	n/a	n/a	n/a	n/a	n/a	dhaa	342.297052154	92	true	342.2524926352881	342.536507937
342.297052154	0.0	cv_transition	/intervals/trials	92	cv_transition_time	n/a	n/a	n/a	n/a	n/a	n/a	n/a	n/a	n/a	dhaa	342.297052154	92	true	342.2524926352881	342.536507937
344.7952506943803	0.3553161986197324	trials	/intervals/trials	93	start_time	n/a	n/a	n/a	n/a	n/a	n/a	n/a	n/a	n/a	taa	344.87733284173726	93	true	344.7952506943803	345.150566893
344.87733284173726	0.0	cv_transition	/intervals/trials	93	cv_transition_time	n/a	n/a	n/a	n/a	n/a	n/a	n/a	n/a	n/a	taa	344.87733284173726	93	true	344.7952506943803	345.150566893
348.3068820484378	0.4544101601518946	trials	/intervals/trials	94	start_time	n/a	n/a	n/a	n/a	n/a	n/a	n/a	n/a	n/a	vaa	348.433106476	94	true	348.3068820484378	348.7612922085897
348.433106476	0.0	cv_transition	/intervals/trials	94	cv_transition_time	n/a	n/a	n/a	n/a	n/a	n/a	n/a	n/a	n/a	vaa	348.433106476	94	true	348.3068820484378	348.7612922085897
351.1879299746939	0.42473903665728585	trials	/intervals/trials	95	start_time	n/a	n/a	n/a	n/a	n/a	n/a	n/a	n/a	n/a	koo	351.256689342	95	true	351.1879299746939	351.61266901135116
351.256689342	0.0	cv_transition	/intervals/trials	95	cv_transition_time	n/a	n/a	n/a	n/a	n/a	n/a	n/a	n/a	n/a	koo	351.256689342	95	true	351.1879299746939	351.61266901135116
354.030385488	0.42846331433685236	trials	/intervals/trials	96	start_time	n/a	n/a	n/a	n/a	n/a	n/a	n/a	n/a	n/a	naa	354.12842425728593	96	true	354.030385488	354.45884880233683
354.12842425728593	0.0	cv_transition	/intervals/trials	96	cv_transition_time	n/a	n/a	n/a	n/a	n/a	n/a	n/a	n/a	n/a	naa	354.12842425728593	96	true	354.030385488	354.45884880233683
357.861678005	0.3591836730000182	trials	/intervals/trials	97	start_time	n/a	n/a	n/a	n/a	n/a	n/a	n/a	n/a	n/a	kee	357.961451247	97	true	357.861678005	358.220861678
357.961451247	0.0	cv_transition	/intervals/trials	97	cv_transition_time	n/a	n/a	n/a	n/a	n/a	n/a	n/a	n/a	n/a	kee	357.961451247	97	true	357.861678005	358.220861678
360.0	12.0	epochs	/intervals/epochs	0	start_time	0	rest_period	360.0	372.0	n/a	n/a	n/a	n/a	n/a	n/a	n/a	n/a	n/a	n/a	n/a
374.8710015012932	0.42747749438200344	trials	/intervals/trials	98	start_time	n/a	n/a	n/a	n/a	n/a	n/a	n/a	n/a	n/a	shee	375.01176532093376	98	true	374.8710015012932	375.2984789956752
375.01176532093376	0.0	cv_transition	/intervals/trials	98	cv_transition_time	n/a	n/a	n/a	n/a	n/a	n/a	n/a	n/a	n/a	shee	375.01176532093376	98	true	374.8710015012932	375.2984789956752
377.926077098	0.3509596891361184	trials	/intervals/trials	99	start_time	n/a	n/a	n/a	n/a	n/a	n/a	n/a	n/a	n/a	loo	378.015873016	99	true	377.926077098	378.2770367871361
378.015873016	0.0	cv_transition	/intervals/trials	99	cv_transition_time	n/a	n/a	n/a	n/a	n/a	n/a	n/a	n/a	n/a	loo	378.015873016	99	true	377.926077098	378.2770367871361
381.098866213	0.3901625850158439	trials	/intervals/trials	100	start_time	n/a	n/a	n/a	n/a	n/a	n/a	n/a	n/a	n/a	see	381.23565392266295	100	true	381.098866213	381.48902879801585
381.23565392266295	0.0	cv_transition	/intervals/trials	100	cv_transition_time	n/a	n/a	n/a	n/a	n/a	n/a	n/a	n/a	n/a	see	381.23565392266295	100	true	381.098866213	381.48902879801585
385.8201612685253	0.3467235136408817	trials	/intervals/trials	101	start_time	n/a	n/a	n/a	n/a	n/a	n/a	n/a	n/a	n/a	haa	385.878004535	101	true	385.8201612685253	386.16688478216616
385.878004535	0.0	cv_transition	/intervals/trials	101	cv_transition_time	n/a	n/a	n/a	n/a	n/a	n/a	n/a	n/a	n/a	haa	385.878004535	101	true	385.8201612685253	386.16688478216616
387.933333333	0.34920634999997446	trials	/intervals/trials	102	start_time	n/a	n/a	n/a	n/a	n/a	n/a	n/a	n/a	n/a	goo	387.99965132460943	102	true	387.933333333	388.282539683
387.99965132460943	0.0	cv_transition	/intervals/trials	102	cv_transition_time	n/a	n/a	n/a	n/a	n/a	n/a	n/a	n/a	n/a	goo	387.99965132460943	102	true	387.933333333	388.282539683
390.3700408696735	0.3119029898350618	trials	/intervals/trials	103	start_time	n/a	n/a	n/a	n/a	n/a	n/a	n/a	n/a	n/a	mee	390.447619048	103	true	390.3700408696735	390.6819438595086
390.447619048	0.0	cv_transition	/intervals/trials	103	cv_transition_time	n/a	n/a	n/a	n/a	n/a	n/a	n/a	n/a	n/a	mee	390.447619048	103	true	390.3700408696735	390.6819438595086
393.001814059	0.3252011805619759	trials	/intervals/trials	104	start_time	n/a	n/a	n/a	n/a	n/a	n/a	n/a	n/a	n/a	dee	393.04993277353276	104	true	393.001814059	393.327015239562
393.04993277353276	0.0	cv_transition	/intervals/trials	104	cv_transition_time	n/a	n/a	n/a	n/a	n/a	n/a	n/a	n/a	n/a	dee	393.04993277353276	104	true	393.001814059	393.327015239562
395.2420301691007	0.26513643351268	invalid_times	/intervals/invalid_times	5	start_time	n/a	n/a	n/a	n/a	5	395.2420301691007	395.5071666026134	"[""ECoG artifact""]"	"[{""idx_start"":1206182,""count"":810,""timeseries"":""/acquisition/ElectricalSeries""}]"	n/a	n/a	n/a	n/a	n/a	n/a
396.5947130781523	0.35783644677036364	trials	/intervals/trials	105	start_time	n/a	n/a	n/a	n/a	n/a	n/a	n/a	n/a	n/a	vee	396.673469388	105	true	396.5947130781523	396.9525495249227
396.673469388	0.0	cv_transition	/intervals/trials	105	cv_transition_time	n/a	n/a	n/a	n/a	n/a	n/a	n/a	n/a	n/a	vee	396.673469388	105	true	396.5947130781523	396.9525495249227
399.8964802221396	0.319311611921421	trials	/intervals/trials	106	start_time	n/a	n/a	n/a	n/a	n/a	n/a	n/a	n/a	n/a	woo	400.05502473478737	106	true	399.8964802221396	400.215791834061
400.05502473478737	0.0	cv_transition	/intervals/trials	106	cv_transition_time	n/a	n/a	n/a	n/a	n/a	n/a	n/a	n/a	n/a	woo	400.05502473478737	106	true	399.8964802221396	400.215791834061
403.507936508	0.31927437600000985	trials	/intervals/trials	107	start_time	n/a	n/a	n/a	n/a	n/a	n/a	n/a	n/a	n/a	ree	403.57835986091226	107	true	403.507936508	403.827210884
403.57835986091226	0.0	cv_transition	/intervals/trials	107	cv_transition_time	n/a	n/a	n/a	n/a	n/a	n/a	n/a	n/a	n/a	ree	403.57835986091226	107	true	403.507936508	403.827210884
406.710657596	0.37173952653444076	trials	/intervals/trials	108	start_time	n/a	n/a	n/a	n/a	n/a	n/a	n/a	n/a	n/a	kaa	406.80012862104473	108	true	406.710657596	407.0823971225344
406.80012862104473	0.0	cv_transition	/intervals/trials	108	cv_transition_time	n/a	n/a	n/a	n/a	n/a	n/a	n/a	n/a	n/a	kaa	406.80012862104473	108	true	406.710657596	407.0823971225344
412.89073034713624	0.3949839388637315	trials	/intervals/trials	109	start_time	n/a	n/a	n/a	n/a	n/a	n/a	n/a	n/a	n/a	fee	413.01964037143864	109	true	412.89073034713624	413.285714286
413.01964037143864	0.0	cv_transition	/intervals/trials	109	cv_transition_time	n/a	n/a	n/a	n/a	n/a	n/a	n/a	n/a	n/a	fee	413.01964037143864	109	true	412.89073034713624	413.285714286
416.21829526331777	0.3237567851732024	trials	/intervals/trials	110	start_time	n/a	n/a	n/a	n/a	n/a	n/a	n/a	n/a	n/a	nee	416.318820862	110	true	416.21829526331777	416.542052048491
416.318820862	0.0	cv_transition	/intervals/trials	110	cv_transition_time	n/a	n/a	n/a	n/a	n/a	n/a	n/a	n/a	n/a	nee	416.318820862	110	true	416.21829526331777	416.542052048491
419.08710654388136	0.2889362613673825	trials	/intervals/trials	111	start_time	n/a	n/a	n/a	n/a	n/a	n/a	n/a	n/a	n/a	baa	419.142403628	111	true	419.08710654388136	419.37604280524874
419.142403628	0.0	cv_transition	/intervals/trials	111	cv_transition_time	n/a	n/a	n/a	n/a	n/a	n/a	n/a	n/a	n/a	baa	419.142403628	111	true	419.08710654388136	419.37604280524874
422.474829932	0.34122956713912345	trials	/intervals/trials	112	start_time	n/a	n/a	n/a	n/a	n/a	n/a	n/a	n/a	n/a	gaa	422.57157497028976	112	true	422.474829932	422.8160594991391
422.57157497028976	0.0	cv_transition	/intervals/trials	112	cv_transition_time	n/a	n/a	n/a	n/a	n/a	n/a	n/a	n/a	n/a	gaa	422.57157497028976	112	true	422.474829932	422.8160594991391
425.53756416807715	0.33783316713720524	trials	/intervals/trials	113	start_time	n/a	n/a	n/a	n/a	n/a	n/a	n/a	n/a	n/a	daa	425.6049826290629	113	true	425.53756416807715	425.87539733521436
425.6049826290629	0.0	cv_transition	/intervals/trials	113	cv_transition_time	n/a	n/a	n/a	n/a	n/a	n/a	n/a	n/a	n/a	daa	425.6049826290629	113	true	425.53756416807715	425.87539733521436
428.0479923782459	0.360091074991999	trials	/intervals/trials	114	start_time	n/a	n/a	n/a	n/a	n/a	n/a	n/a	n/a	n/a	waa	428.161904762	114	true	428.0479923782459	428.4080834532379
428.161904762	0.0	cv_transition	/intervals/trials	114	cv_transition_time	n/a	n/a	n/a	n/a	n/a	n/a	n/a	n/a	n/a	waa	428.161904762	114	true	428.0479923782459	428.4080834532379
431.758612829372	0.303753505540044	trials	/intervals/trials	115	start_time	n/a	n/a	n/a	n/a	n/a	n/a	n/a	n/a	n/a	laa	431.827513014775	115	true	431.758612829372	432.06236633491204
431.827513014775	0.0	cv_transition	/intervals/trials	115	cv_transition_time	n/a	n/a	n/a	n/a	n/a	n/a	n/a	n/a	n/a	laa	431.827513014775	115	true	431.758612829372	432.06236633491204
433.543231168332	1.1527671022290633	invalid_times	/intervals/invalid_times	1	start_time	n/a	n/a	n/a	n/a	1	433.543231168332	434.69599827056106	"[""ECoG artifact""]"	"[{""idx_start"":1323068,""count"":3518,""timeseries"":""/acquisition/ElectricalSeries""}]"	n/a	n/a	n/a	n/a	n/a	n/a
434.5325459979617	0.3096804032091427	trials	/intervals/trials	116	start_time	n/a	n/a	n/a	n/a	n/a	n/a	n/a	n/a	n/a	woo	434.6866453373576	116	true	434.5325459979617	434.8422264011708
434.6866453373576	0.0	cv_transition	/intervals/trials	116	cv_transition_time	n/a	n/a	n/a	n/a	n/a	n/a	n/a	n/a	n/a	woo	434.6866453373576	116	true	434.5325459979617	434.8422264011708
437.5170405567945	0.3326471316767652	trials	/intervals/trials	117	start_time	n/a	n/a	n/a	n/a	n/a	n/a	n/a	n/a	n/a	yoo	437.650340136	117	true	437.5170405567945	437.84968768847125
437.650340136	0.0	cv_transition	/intervals/trials	117	cv_transition_time	n/a	n/a	n/a	n/a	n/a	n/a	n/a	n/a	n/a	yoo	437.650340136	117	true	437.5170405567945	437.84968768847125
440.58935877257244	0.332647131676822	trials	/intervals/trials	118	start_time	n/a	n/a	n/a	n/a	n/a	n/a	n/a	n/a	n/a	moo	440.6901160329467	118	true	440.58935877257244	440.92200590424926
440.6901160329467	0.0	cv_transition	/intervals/trials	118	cv_transition_time	n/a	n/a	n/a	n/a	n/a	n/a	n/a	n/a	n/a	moo	440.6901160329467	118	true	440.58935877257244	440.92200590424926
443.43743918647937	0.35635472235310317	trials	/intervals/trials	119	start_time	n/a	n/a	n/a	n/a	n/a	n/a	n/a	n/a	n/a	loo	443.54041903347957	119	true	443.43743918647937	443.79379390883247
443.54041903347957	0.0	cv_transition	/intervals/trials	119	cv_transition_time	n/a	n/a	n/a	n/a	n/a	n/a	n/a	n/a	n/a	loo	443.54041903347957	119	true	443.43743918647937	443.79379390883247
446.5071702923734	0.36005903339628276	trials	/intervals/trials	120	start_time	n/a	n/a	n/a	n/a	n/a	n/a	n/a	n/a	n/a	haa	446.58347909986276	120	true	446.5071702923734	446.8672293257697
446.58347909986276	0.0	cv_transition	/intervals/trials	120	cv_transition_time	n/a	n/a	n/a	n/a	n/a	n/a	n/a	n/a	n/a	haa	446.58347909986276	120	true	446.5071702923734	446.8672293257697
449.9975277368852	0.3770988641948634	trials	/intervals/trials	121	start_time	n/a	n/a	n/a	n/a	n/a	n/a	n/a	n/a	n/a	faa	450.09309896179906	121	true	449.9975277368852	450.3746266010801
450.0199951960031	0.4495791698693665	invalid_times	/intervals/invalid_times	4	start_time	n/a	n/a	n/a	n/a	4	450.0199951960031	450.46957436587246	"[""ECoG artifact""]"	"[{""idx_start"":1373352,""count"":1372,""timeseries"":""/acquisition/ElectricalSeries""}]"	n/a	n/a	n/a	n/a	n/a	n/a
450.09309896179906	0.0	cv_transition	/intervals/trials	121	cv_transition_time	n/a	n/a	n/a	n/a	n/a	n/a	n/a	n/a	n/a	faa	450.09309896179906	121	true	449.9975277368852	450.3746266010801
453.43446712	0.35785626966702466	trials	/intervals/trials	122	start_time	n/a	n/a	n/a	n/a	n/a	n/a	n/a	n/a	n/a	kee	453.54265282535727	122	true	453.43446712	453.79232338966705
453.54265282535727	0.0	cv_transition	/intervals/trials	122	cv_transition_time	n/a	n/a	n/a	n/a	n/a	n/a	n/a	n/a	n/a	kee	453.54265282535727	122	true	453.43446712	453.79232338966705
456.337868481	0.3182282665507046	trials	/intervals/trials	123	start_time	n/a	n/a	n/a	n/a	n/a	n/a	n/a	n/a	n/a	roo	456.447619048	123	true	456.337868481	456.6560967475507
456.447619048	0.0	cv_transition	/intervals/trials	123	cv_transition_time	n/a	n/a	n/a	n/a	n/a	n/a	n/a	n/a	n/a	roo	456.447619048	123	true	456.337868481	456.6560967475507
459.7582906305042	0.34153747818044167	trials	/intervals/trials	124	start_time	n/a	n/a	n/a	n/a	n/a	n/a	n/a	n/a	n/a	doo	459.83682202461944	124	true	459.7582906305042	460.0998281086846
459.83682202461944	0.0	cv_transition	/intervals/trials	124	cv_transition_time	n/a	n/a	n/a	n/a	n/a	n/a	n/a	n/a	n/a	doo	459.83682202461944	124	true	459.7582906305042	460.0998281086846
463.73106566	0.42758702512139735	trials	/intervals/trials	125	start_time	n/a	n/a	n/a	n/a	n/a	n/a	n/a	n/a	n/a	raa	463.890702948	125	true	463.73106566	464.1586526851214
463.890702948	0.0	cv_transition	/intervals/trials	125	cv_transition_time	n/a	n/a	n/a	n/a	n/a	n/a	n/a	n/a	n/a	raa	463.890702948	125	true	463.73106566	464.1586526851214
468.4882315640619	0.4622980181877665	trials	/intervals/trials	126	start_time	n/a	n/a	n/a	n/a	n/a	n/a	n/a	n/a	n/a	shoo	468.6445534900837	126	true	468.4882315640619	468.95052958224966
468.6445534900837	0.0	cv_transition	/intervals/trials	126	cv_transition_time	n/a	n/a	n/a	n/a	n/a	n/a	n/a	n/a	n/a	shoo	468.6445534900837	126	true	468.4882315640619	468.95052958224966
471.609423054224	0.3222750607558851	trials	/intervals/trials	127	start_time	n/a	n/a	n/a	n/a	n/a	n/a	n/a	n/a	n/a	hoo	471.6531339245334	127	true	471.609423054224	471.9316981149799
471.6531339245334	0.0	cv_transition	/intervals/trials	127	cv_transition_time	n/a	n/a	n/a	n/a	n/a	n/a	n/a	n/a	n/a	hoo	471.6531339245334	127	true	471.609423054224	471.9316981149799
476.212698413	0.3661162988158253	trials	/intervals/trials	128	start_time	n/a	n/a	n/a	n/a	n/a	n/a	n/a	n/a	n/a	kaa	476.3039548324125	128	true	476.212698413	476.5788147118158
476.3039548324125	0.0	cv_transition	/intervals/trials	128	cv_transition_time	n/a	n/a	n/a	n/a	n/a	n/a	n/a	n/a	n/a	kaa	476.3039548324125	128	true	476.212698413	476.5788147118158
479.41767375704944	0.36376334443946234	trials	/intervals/trials	129	start_time	n/a	n/a	n/a	n/a	n/a	n/a	n/a	n/a	n/a	dee	479.495238095	129	true	479.41767375704944	479.7814371014889
479.495238095	0.0	cv_transition	/intervals/trials	129	cv_transition_time	n/a	n/a	n/a	n/a	n/a	n/a	n/a	n/a	n/a	dee	479.495238095	129	true	479.41767375704944	479.7814371014889
481.66031746	0.30116959638280605	trials	/intervals/trials	130	start_time	n/a	n/a	n/a	n/a	n/a	n/a	n/a	n/a	n/a	gee	481.720181406	130	true	481.66031746	481.9614870563828
481.720181406	0.0	cv_transition	/intervals/trials	130	cv_transition_time	n/a	n/a	n/a	n/a	n/a	n/a	n/a	n/a	n/a	gee	481.720181406	130	true	481.66031746	481.9614870563828
484.8678772283046	0.37043110431716286	trials	/intervals/trials	131	start_time	n/a	n/a	n/a	n/a	n/a	n/a	n/a	n/a	n/a	boo	484.9693753508875	131	true	484.8678772283046	485.2383083326218
484.9693753508875	0.0	cv_transition	/intervals/trials	131	cv_transition_time	n/a	n/a	n/a	n/a	n/a	n/a	n/a	n/a	n/a	boo	484.9693753508875	131	true	484.8678772283046	485.2383083326218
487.7338205585707	0.39487955720210266	trials	/intervals/trials	132	start_time	n/a	n/a	n/a	n/a	n/a	n/a	n/a	n/a	n/a	foo	487.84494988986586	132	true	487.7338205585707	488.1287001157728
487.84494988986586	0.0	cv_transition	/intervals/trials	132	cv_transition_time	n/a	n/a	n/a	n/a	n/a	n/a	n/a	n/a	n/a	foo	487.84494988986586	132	true	487.7338205585707	488.1287001157728
491.2308044779118	0.30819867879188223	trials	/intervals/trials	133	start_time	n/a	n/a	n/a	n/a	n/a	n/a	n/a	n/a	n/a	yee	491.38416295509916	133	true	491.2308044779118	491.5390031567037
491.38416295509916	0.0	cv_transition	/intervals/trials	133	cv_transition_time	n/a	n/a	n/a	n/a	n/a	n/a	n/a	n/a	n/a	yee	491.38416295509916	133	true	491.2308044779118	491.5390031567037
493.9506493537988	0.3548729979358427	trials	/intervals/trials	134	start_time	n/a	n/a	n/a	n/a	n/a	n/a	n/a	n/a	n/a	hoo	494.006954881655	134	true	493.9506493537988	494.3055223517346
494.006954881655	0.0	cv_transition	/intervals/trials	134	cv_transition_time	n/a	n/a	n/a	n/a	n/a	n/a	n/a	n/a	n/a	hoo	494.006954881655	134	true	493.9506493537988	494.3055223517346
496.7810066936697	0.41932801008704246	trials	/intervals/trials	135	start_time	n/a	n/a	n/a	n/a	n/a	n/a	n/a	n/a	n/a	shee	496.9314017220225	135	true	496.7810066936697	497.20033470375677
496.9314017220225	0.0	cv_transition	/intervals/trials	135	cv_transition_time	n/a	n/a	n/a	n/a	n/a	n/a	n/a	n/a	n/a	shee	496.9314017220225	135	true	496.7810066936697	497.20033470375677
500.04681540029134	0.3363514427200016	trials	/intervals/trials	136	start_time	n/a	n/a	n/a	n/a	n/a	n/a	n/a	n/a	n/a	ree	500.15646300716924	136	true	500.04681540029134	500.38316684301134
500.15646300716924	0.0	cv_transition	/intervals/trials	136	cv_transition_time	n/a	n/a	n/a	n/a	n/a	n/a	n/a	n/a	n/a	ree	500.15646300716924	136	true	500.04681540029134	500.38316684301134
503.7286926065765	0.31076317542351717	trials	/intervals/trials	137	start_time	n/a	n/a	n/a	n/a	n/a	n/a	n/a	n/a	n/a	bee	503.7768486501377	137	true	503.7286926065765	504.039455782
503.7768486501377	0.0	cv_transition	/intervals/trials	137	cv_transition_time	n/a	n/a	n/a	n/a	n/a	n/a	n/a	n/a	n/a	bee	503.7768486501377	137	true	503.7286926065765	504.039455782
506.932879819	0.34906032347549854	trials	/intervals/trials	138	start_time	n/a	n/a	n/a	n/a	n/a	n/a	n/a	n/a	n/a	naa	507.02041578282757	138	true	506.932879819	507.2819401424755
507.02041578282757	0.0	cv_transition	/intervals/trials	138	cv_transition_time	n/a	n/a	n/a	n/a	n/a	n/a	n/a	n/a	n/a	naa	507.02041578282757	138	true	506.932879819	507.2819401424755
510.4370800260945	0.3200524741300228	trials	/intervals/trials	139	start_time	n/a	n/a	n/a	n/a	n/a	n/a	n/a	n/a	n/a	ree	510.5341329754256	139	true	510.4370800260945	510.75713250022454
510.5341329754256	0.0	cv_transition	/intervals/trials	139	cv_transition_time	n/a	n/a	n/a	n/a	n/a	n/a	n/a	n/a	n/a	ree	510.5341329754256	139	true	510.4370800260945	510.75713250022454
513.4916784322184	0.3355324517816598	trials	/intervals/trials	140	start_time	n/a	n/a	n/a	n/a	n/a	n/a	n/a	n/a	n/a	yaa	513.5983621701243	140	true	513.4916784322184	513.827210884
513.5983621701243	0.0	cv_transition	/intervals/trials	140	cv_transition_time	n/a	n/a	n/a	n/a	n/a	n/a	n/a	n/a	n/a	yaa	513.5983621701243	140	true	513.4916784322184	513.827210884
516.3589893347029	0.311160902225879	trials	/intervals/trials	141	start_time	n/a	n/a	n/a	n/a	n/a	n/a	n/a	n/a	n/a	thoo	516.39138322	141	true	516.3589893347029	516.6701502369287
516.39138322	0.0	cv_transition	/intervals/trials	141	cv_transition_time	n/a	n/a	n/a	n/a	n/a	n/a	n/a	n/a	n/a	thoo	516.39138322	141	true	516.3589893347029	516.6701502369287
519.5243114921517	0.3890671928483016	trials	/intervals/trials	142	start_time	n/a	n/a	n/a	n/a	n/a	n/a	n/a	n/a	n/a	zee	519.6421081194229	142	true	519.5243114921517	519.913378685
519.6421081194229	0.0	cv_transition	/intervals/trials	142	cv_transition_time	n/a	n/a	n/a	n/a	n/a	n/a	n/a	n/a	n/a	zee	519.6421081194229	142	true	519.5243114921517	519.913378685
523.566483183111	0.4022865950205414	trials	/intervals/trials	143	start_time	n/a	n/a	n/a	n/a	n/a	n/a	n/a	n/a	n/a	see	523.7161367598958	143	true	523.566483183111	523.9687697781316
523.7161367598958	0.0	cv_transition	/intervals/trials	143	cv_transition_time	n/a	n/a	n/a	n/a	n/a	n/a	n/a	n/a	n/a	see	523.7161367598958	143	true	523.566483183111	523.9687697781316
526.8500192194128	0.31190176151676496	trials	/intervals/trials	144	start_time	n/a	n/a	n/a	n/a	n/a	n/a	n/a	n/a	n/a	mee	526.9278094449693	144	true	526.8500192194128	527.1619209809296
526.9278094449693	0.0	cv_transition	/intervals/trials	144	cv_transition_time	n/a	n/a	n/a	n/a	n/a	n/a	n/a	n/a	n/a	mee	526.9278094449693	144	true	526.8500192194128	527.1619209809296
529.66122449	0.40738943957603624	trials	/intervals/trials	145	start_time	n/a	n/a	n/a	n/a	n/a	n/a	n/a	n/a	n/a	taa	529.7559713087683	145	true	529.66122449	530.068613929576
529.7559713087683	0.0	cv_transition	/intervals/trials	145	cv_transition_time	n/a	n/a	n/a	n/a	n/a	n/a	n/a	n/a	n/a	taa	529.7559713087683	145	true	529.66122449	530.068613929576
532.614512472	0.36156153361991983	trials	/intervals/trials	146	start_time	n/a	n/a	n/a	n/a	n/a	n/a	n/a	n/a	n/a	baa	532.659727088357	146	true	532.614512472	532.9760740056199
532.659727088357	0.0	cv_transition	/intervals/trials	146	cv_transition_time	n/a	n/a	n/a	n/a	n/a	n/a	n/a	n/a	n/a	baa	532.659727088357	146	true	532.614512472	532.9760740056199
535.600466243449	0.3364952075510246	trials	/intervals/trials	147	start_time	n/a	n/a	n/a	n/a	n/a	n/a	n/a	n/a	n/a	thee	535.6338049115446	147	true	535.600466243449	535.936961451
535.6338049115446	0.0	cv_transition	/intervals/trials	147	cv_transition_time	n/a	n/a	n/a	n/a	n/a	n/a	n/a	n/a	n/a	thee	535.6338049115446	147	true	535.600466243449	535.936961451
538.830385488	0.3340413977866774	trials	/intervals/trials	148	start_time	n/a	n/a	n/a	n/a	n/a	n/a	n/a	n/a	n/a	nee	538.900226757	148	true	538.830385488	539.1644268857867
538.900226757	0.0	cv_transition	/intervals/trials	148	cv_transition_time	n/a	n/a	n/a	n/a	n/a	n/a	n/a	n/a	n/a	nee	538.900226757	148	true	538.830385488	539.1644268857867
541.9726748113648	0.3763565198349852	trials	/intervals/trials	149	start_time	n/a	n/a	n/a	n/a	n/a	n/a	n/a	n/a	n/a	gaa	542.092970522	149	true	541.9726748113648	542.3490313311997
542.092970522	0.0	cv_transition	/intervals/trials	149	cv_transition_time	n/a	n/a	n/a	n/a	n/a	n/a	n/a	n/a	n/a	gaa	542.092970522	149	true	541.9726748113648	542.3490313311997
545.2002938479093	0.36228019330576444	trials	/intervals/trials	150	start_time	n/a	n/a	n/a	n/a	n/a	n/a	n/a	n/a	n/a	paa	545.2603034504814	150	true	545.2002938479093	545.562574041215
545.2603034504814	0.0	cv_transition	/intervals/trials	150	cv_transition_time	n/a	n/a	n/a	n/a	n/a	n/a	n/a	n/a	n/a	paa	545.2603034504814	150	true	545.2002938479093	545.562574041215
548.87755102	0.3492063499999176	trials	/intervals/trials	151	start_time	n/a	n/a	n/a	n/a	n/a	n/a	n/a	n/a	n/a	pee	548.943372058366	151	true	548.87755102	549.22675737
548.943372058366	0.0	cv_transition	/intervals/trials	151	cv_transition_time	n/a	n/a	n/a	n/a	n/a	n/a	n/a	n/a	n/a	pee	548.943372058366	151	true	548.87755102	549.22675737
552.6543324615014	0.3808016755810968	trials	/intervals/trials	152	start_time	n/a	n/a	n/a	n/a	n/a	n/a	n/a	n/a	n/a	faa	552.73360440564	152	true	552.6543324615014	553.0351341370825
552.73360440564	0.0	cv_transition	/intervals/trials	152	cv_transition_time	n/a	n/a	n/a	n/a	n/a	n/a	n/a	n/a	n/a	faa	552.73360440564	152	true	552.6543324615014	553.0351341370825
554.933786848	0.4049468482686507	trials	/intervals/trials	153	start_time	n/a	n/a	n/a	n/a	n/a	n/a	n/a	n/a	n/a	koo	555.0423899798631	153	true	554.933786848	555.3387336962686
555.0423899798631	0.0	cv_transition	/intervals/trials	153	cv_transition_time	n/a	n/a	n/a	n/a	n/a	n/a	n/a	n/a	n/a	koo	555.0423899798631	153	true	554.933786848	555.3387336962686
557.936961451	0.3914433804983446	trials	/intervals/trials	154	start_time	n/a	n/a	n/a	n/a	n/a	n/a	n/a	n/a	n/a	too	558.046712018	154	true	557.936961451	558.3284048314983
558.046712018	0.0	cv_transition	/intervals/trials	154	cv_transition_time	n/a	n/a	n/a	n/a	n/a	n/a	n/a	n/a	n/a	too	558.046712018	154	true	557.936961451	558.3284048314983
561.039909297	0.32041607945245687	trials	/intervals/trials	155	start_time	n/a	n/a	n/a	n/a	n/a	n/a	n/a	n/a	n/a	goo	561.0862074387774	155	true	561.039909297	561.3603253764525
561.0862074387774	0.0	cv_transition	/intervals/trials	155	cv_transition_time	n/a	n/a	n/a	n/a	n/a	n/a	n/a	n/a	n/a	goo	561.0862074387774	155	true	561.039909297	561.3603253764525
563.8825877518996	0.4119177658036506	trials	/intervals/trials	156	start_time	n/a	n/a	n/a	n/a	n/a	n/a	n/a	n/a	n/a	zoo	564.0292778915202	156	true	563.8825877518996	564.2945055177032
564.0292778915202	0.0	cv_transition	/intervals/trials	156	cv_transition_time	n/a	n/a	n/a	n/a	n/a	n/a	n/a	n/a	n/a	zoo	564.0292778915202	156	true	563.8825877518996	564.2945055177032
567.774603175	0.4301123037231491	trials	/intervals/trials	157	start_time	n/a	n/a	n/a	n/a	n/a	n/a	n/a	n/a	n/a	shaa	567.9135577773548	157	true	567.774603175	568.2047154787232
567.9135577773548	0.0	cv_transition	/intervals/trials	157	cv_transition_time	n/a	n/a	n/a	n/a	n/a	n/a	n/a	n/a	n/a	shaa	567.9135577773548	157	true	567.774603175	568.2047154787232
570.2268663386482	0.35338988181354125	trials	/intervals/trials	158	start_time	n/a	n/a	n/a	n/a	n/a	n/a	n/a	n/a	n/a	fee	570.3120651571147	158	true	570.2268663386482	570.5802562204617
570.3120651571147	0.0	cv_transition	/intervals/trials	158	cv_transition_time	n/a	n/a	n/a	n/a	n/a	n/a	n/a	n/a	n/a	fee	570.3120651571147	158	true	570.2268663386482	570.5802562204617
573.042630385	0.4280045564136117	trials	/intervals/trials	159	start_time	n/a	n/a	n/a	n/a	n/a	n/a	n/a	n/a	n/a	soo	573.1772546621722	159	true	573.042630385	573.4706349414137
573.1772546621722	0.0	cv_transition	/intervals/trials	159	cv_transition_time	n/a	n/a	n/a	n/a	n/a	n/a	n/a	n/a	n/a	soo	573.1772546621722	159	true	573.042630385	573.4706349414137
575.9794730734835	0.3656516435164576	trials	/intervals/trials	160	start_time	n/a	n/a	n/a	n/a	n/a	n/a	n/a	n/a	n/a	daa	576.0624493140771	160	true	575.9794730734835	576.345124717
576.0624493140771	0.0	cv_transition	/intervals/trials	160	cv_transition_time	n/a	n/a	n/a	n/a	n/a	n/a	n/a	n/a	n/a	daa	576.0624493140771	160	true	575.9794730734835	576.345124717
580.016780045	0.47549774044944115	trials	/intervals/trials	161	start_time	n/a	n/a	n/a	n/a	n/a	n/a	n/a	n/a	n/a	saa	580.1620902572377	161	true	580.016780045	580.4922777854495
580.1620902572377	0.0	cv_transition	/intervals/trials	161	cv_transition_time	n/a	n/a	n/a	n/a	n/a	n/a	n/a	n/a	n/a	saa	580.1620902572377	161	true	580.016780045	580.4922777854495
582.9438770266671	0.35338988181354125	trials	/intervals/trials	162	start_time	n/a	n/a	n/a	n/a	n/a	n/a	n/a	n/a	n/a	foo	583.0187038150596	162	true	582.9438770266671	583.2972669084807
583.0187038150596	0.0	cv_transition	/intervals/trials	162	cv_transition_time	n/a	n/a	n/a	n/a	n/a	n/a	n/a	n/a	n/a	foo	583.0187038150596	162	true	582.9438770266671	583.2972669084807
586.1447879158143	0.4096951879306516	trials	/intervals/trials	163	start_time	n/a	n/a	n/a	n/a	n/a	n/a	n/a	n/a	n/a	shee	586.2825877439428	163	true	586.1447879158143	586.5544831037449
586.2825877439428	0.0	cv_transition	/intervals/trials	163	cv_transition_time	n/a	n/a	n/a	n/a	n/a	n/a	n/a	n/a	n/a	shee	586.2825877439428	163	true	586.1447879158143	586.5544831037449
588.8265521173788	0.3274598066280987	trials	/intervals/trials	164	start_time	n/a	n/a	n/a	n/a	n/a	n/a	n/a	n/a	n/a	moo	588.936507937	164	true	588.8265521173788	589.1540119240069
588.936507937	0.0	cv_transition	/intervals/trials	164	cv_transition_time	n/a	n/a	n/a	n/a	n/a	n/a	n/a	n/a	n/a	moo	588.936507937	164	true	588.8265521173788	589.1540119240069
591.8083857349352	0.37075258706477143	trials	/intervals/trials	165	start_time	n/a	n/a	n/a	n/a	n/a	n/a	n/a	n/a	n/a	lee	591.9069200206401	165	true	591.8083857349352	592.179138322
591.9069200206401	0.0	cv_transition	/intervals/trials	165	cv_transition_time	n/a	n/a	n/a	n/a	n/a	n/a	n/a	n/a	n/a	lee	591.9069200206401	165	true	591.8083857349352	592.179138322
595.0915568139987	0.29560285711454526	trials	/intervals/trials	166	start_time	n/a	n/a	n/a	n/a	n/a	n/a	n/a	n/a	n/a	wee	595.1678653209732	166	true	595.0915568139987	595.3871596711133
595.1678653209732	0.0	cv_transition	/intervals/trials	166	cv_transition_time	n/a	n/a	n/a	n/a	n/a	n/a	n/a	n/a	n/a	wee	595.1678653209732	166	true	595.0915568139987	595.3871596711133
598.4121873780693	0.35783503755965285	trials	/intervals/trials	167	start_time	n/a	n/a	n/a	n/a	n/a	n/a	n/a	n/a	n/a	tee	598.4944227593718	167	true	598.4121873780693	598.770022415629
598.4944227593718	0.0	cv_transition	/intervals/trials	167	cv_transition_time	n/a	n/a	n/a	n/a	n/a	n/a	n/a	n/a	n/a	tee	598.4944227593718	167	true	598.4121873780693	598.770022415629
601.2443922274549	0.3333855505451311	trials	/intervals/trials	168	start_time	n/a	n/a	n/a	n/a	n/a	n/a	n/a	n/a	n/a	wee	601.368253968	168	true	601.2443922274549	601.577777778
601.368253968	0.0	cv_transition	/intervals/trials	168	cv_transition_time	n/a	n/a	n/a	n/a	n/a	n/a	n/a	n/a	n/a	wee	601.368253968	168	true	601.2443922274549	601.577777778
604.1881514897735	0.41265862509465023	trials	/intervals/trials	169	start_time	n/a	n/a	n/a	n/a	n/a	n/a	n/a	n/a	n/a	gaa	604.331519274	169	true	604.1881514897735	604.6008101148682
604.331519274	0.0	cv_transition	/intervals/trials	169	cv_transition_time	n/a	n/a	n/a	n/a	n/a	n/a	n/a	n/a	n/a	gaa	604.331519274	169	true	604.1881514897735	604.6008101148682
607.9905118208131	0.31198251018690826	trials	/intervals/trials	170	start_time	n/a	n/a	n/a	n/a	n/a	n/a	n/a	n/a	n/a	nee	608.0794149357348	170	true	607.9905118208131	608.302494331
608.0794149357348	0.0	cv_transition	/intervals/trials	170	cv_transition_time	n/a	n/a	n/a	n/a	n/a	n/a	n/a	n/a	n/a	nee	608.0794149357348	170	true	607.9905118208131	608.302494331
610.842373884462	0.4089543286395383	trials	/intervals/trials	171	start_time	n/a	n/a	n/a	n/a	n/a	n/a	n/a	n/a	n/a	yaa	610.966439909	171	true	610.842373884462	611.2513282131015
610.966439909	0.0	cv_transition	/intervals/trials	171	cv_transition_time	n/a	n/a	n/a	n/a	n/a	n/a	n/a	n/a	n/a	yaa	610.966439909	171	true	610.842373884462	611.2513282131015
613.620408163	0.3652580202265199	trials	/intervals/trials	172	start_time	n/a	n/a	n/a	n/a	n/a	n/a	n/a	n/a	n/a	daa	613.687099888948	172	true	613.620408163	613.9856661832265
613.687099888948	0.0	cv_transition	/intervals/trials	172	cv_transition_time	n/a	n/a	n/a	n/a	n/a	n/a	n/a	n/a	n/a	daa	613.687099888948	172	true	613.620408163	613.9856661832265
616.2387208222968	0.35931675614176584	trials	/intervals/trials	173	start_time	n/a	n/a	n/a	n/a	n/a	n/a	n/a	n/a	n/a	zee	616.3031755806151	173	true	616.2387208222968	616.5980375784386
616.3031755806151	0.0	cv_transition	/intervals/trials	173	cv_transition_time	n/a	n/a	n/a	n/a	n/a	n/a	n/a	n/a	n/a	zee	616.3031755806151	173	true	616.2387208222968	616.5980375784386
619.536961451	0.33922902500000873	trials	/intervals/trials	174	start_time	n/a	n/a	n/a	n/a	n/a	n/a	n/a	n/a	n/a	naa	619.6323205541252	174	true	619.536961451	619.876190476
619.6323205541252	0.0	cv_transition	/intervals/trials	174	cv_transition_time	n/a	n/a	n/a	n/a	n/a	n/a	n/a	n/a	n/a	naa	619.6323205541252	174	true	619.536961451	619.876190476
626.381405896	0.3582375707230767	trials	/intervals/trials	175	start_time	n/a	n/a	n/a	n/a	n/a	n/a	n/a	n/a	n/a	noo	626.4766384184132	175	true	626.381405896	626.7396434667231
626.4766384184132	0.0	cv_transition	/intervals/trials	175	cv_transition_time	n/a	n/a	n/a	n/a	n/a	n/a	n/a	n/a	n/a	noo	626.4766384184132	175	true	626.381405896	626.7396434667231
628.0041525749424	1.3369869331284008	invalid_times	/intervals/invalid_times	3	start_time	n/a	n/a	n/a	n/a	3	628.0041525749424	629.3411395080708	"[""ECoG artifact""]"	"[{""idx_start"":1916516,""count"":4080,""timeseries"":""/acquisition/ElectricalSeries""}]"	n/a	n/a	n/a	n/a	n/a	n/a
629.3992752860429	0.364443534957104	trials	/intervals/trials	176	start_time	n/a	n/a	n/a	n/a	n/a	n/a	n/a	n/a	n/a	goo	629.4741020744353	176	true	629.3992752860429	629.763718821
629.4741020744353	0.0	cv_transition	/intervals/trials	176	cv_transition_time	n/a	n/a	n/a	n/a	n/a	n/a	n/a	n/a	n/a	goo	629.4741020744353	176	true	629.3992752860429	629.763718821
633.126077098	0.42902494300005856	trials	/intervals/trials	177	start_time	n/a	n/a	n/a	n/a	n/a	n/a	n/a	n/a	n/a	gaa	633.325623583	177	true	633.126077098	633.555102041
633.325623583	0.0	cv_transition	/intervals/trials	177	cv_transition_time	n/a	n/a	n/a	n/a	n/a	n/a	n/a	n/a	n/a	gaa	633.325623583	177	true	633.126077098	633.555102041
633.5001297079169	0.5879112221368814	invalid_times	/intervals/invalid_times	2	start_time	n/a	n/a	n/a	n/a	2	633.5001297079169	634.0880409300538	"[""ECoG artifact""]"	"[{""idx_start"":1933288,""count"":1795,""timeseries"":""/acquisition/ElectricalSeries""}]"	n/a	n/a	n/a	n/a	n/a	n/a
636.3596749288118	0.4030274543114274	trials	/intervals/trials	178	start_time	n/a	n/a	n/a	n/a	n/a	n/a	n/a	n/a	n/a	kee	636.488435374	178	true	636.3596749288118	636.7627023831233
636.488435374	0.0	cv_transition	/intervals/trials	178	cv_transition_time	n/a	n/a	n/a	n/a	n/a	n/a	n/a	n/a	n/a	kee	636.488435374	178	true	636.3596749288118	636.7627023831233
639.312018141	0.3192743760000667	trials	/intervals/trials	179	start_time	n/a	n/a	n/a	n/a	n/a	n/a	n/a	n/a	n/a	dhee	639.4052834939355	179	true	639.312018141	639.631292517
639.4052834939355	0.0	cv_transition	/intervals/trials	179	cv_transition_time	n/a	n/a	n/a	n/a	n/a	n/a	n/a	n/a	n/a	dhee	639.4052834939355	179	true	639.312018141	639.631292517
642.6414288577288	0.42451237375087203	trials	/intervals/trials	180	start_time	n/a	n/a	n/a	n/a	n/a	n/a	n/a	n/a	n/a	saa	642.7634034584712	180	true	642.6414288577288	643.0659412314797
642.7634034584712	0.0	cv_transition	/intervals/trials	180	cv_transition_time	n/a	n/a	n/a	n/a	n/a	n/a	n/a	n/a	n/a	saa	642.7634034584712	180	true	642.6414288577288	643.0659412314797
649.299319728	0.4190476190000254	trials	/intervals/trials	181	start_time	n/a	n/a	n/a	n/a	n/a	n/a	n/a	n/a	n/a	see	649.4534778751529	181	true	649.299319728	649.718367347
649.4534778751529	0.0	cv_transition	/intervals/trials	181	cv_transition_time	n/a	n/a	n/a	n/a	n/a	n/a	n/a	n/a	n/a	see	649.4534778751529	181	true	649.299319728	649.718367347
651.7276186689859	0.3952838250140758	trials	/intervals/trials	182	start_time	n/a	n/a	n/a	n/a	n/a	n/a	n/a	n/a	n/a	nee	651.863492063	182	true	651.7276186689859	652.122902494
651.863492063	0.0	cv_transition	/intervals/trials	182	cv_transition_time	n/a	n/a	n/a	n/a	n/a	n/a	n/a	n/a	n/a	nee	651.863492063	182	true	651.7276186689859	652.122902494
657.8715552586231	0.2978254349875442	trials	/intervals/trials	183	start_time	n/a	n/a	n/a	n/a	n/a	n/a	n/a	n/a	n/a	woo	658.0175045389528	183	true	657.8715552586231	658.1693806936106
658.0175045389528	0.0	cv_transition	/intervals/trials	183	cv_transition_time	n/a	n/a	n/a	n/a	n/a	n/a	n/a	n/a	n/a	woo	658.0175045389528	183	true	657.8715552586231	658.1693806936106
660.7778384977781	0.3545878062218435	trials	/intervals/trials	184	start_time	n/a	n/a	n/a	n/a	n/a	n/a	n/a	n/a	n/a	lee	660.853061224	184	true	660.7778384977781	661.132426304
660.853061224	0.0	cv_transition	/intervals/trials	184	cv_transition_time	n/a	n/a	n/a	n/a	n/a	n/a	n/a	n/a	n/a	lee	660.853061224	184	true	660.7778384977781	661.132426304
664.115646259	0.3465132078796387	trials	/intervals/trials	185	start_time	n/a	n/a	n/a	n/a	n/a	n/a	n/a	n/a	n/a	taa	664.1910049663685	185	true	664.115646259	664.4621594668796
664.1910049663685	0.0	cv_transition	/intervals/trials	185	cv_transition_time	n/a	n/a	n/a	n/a	n/a	n/a	n/a	n/a	n/a	taa	664.1910049663685	185	true	664.115646259	664.4621594668796
667.1818410206777	0.38895112778220664	trials	/intervals/trials	186	start_time	n/a	n/a	n/a	n/a	n/a	n/a	n/a	n/a	n/a	fee	667.3203817080972	186	true	667.1818410206777	667.5707921484599
667.3203817080972	0.0	cv_transition	/intervals/trials	186	cv_transition_time	n/a	n/a	n/a	n/a	n/a	n/a	n/a	n/a	n/a	fee	667.3203817080972	186	true	667.1818410206777	667.5707921484599
670.5920912368445	0.38795411415549097	trials	/intervals/trials	187	start_time	n/a	n/a	n/a	n/a	n/a	n/a	n/a	n/a	n/a	faa	670.7118571235131	187	true	670.5920912368445	670.980045351
670.7118571235131	0.0	cv_transition	/intervals/trials	187	cv_transition_time	n/a	n/a	n/a	n/a	n/a	n/a	n/a	n/a	n/a	faa	670.7118571235131	187	true	670.5920912368445	670.980045351
673.7258515992817	0.36574211609979557	trials	/intervals/trials	188	start_time	n/a	n/a	n/a	n/a	n/a	n/a	n/a	n/a	n/a	chee	673.8196983555794	188	true	673.7258515992817	674.0915937153815
673.8196983555794	0.0	cv_transition	/intervals/trials	188	cv_transition_time	n/a	n/a	n/a	n/a	n/a	n/a	n/a	n/a	n/a	chee	673.8196983555794	188	true	673.7258515992817	674.0915937153815
676.8728052627472	0.3330904292528203	trials	/intervals/trials	189	start_time	n/a	n/a	n/a	n/a	n/a	n/a	n/a	n/a	n/a	noo	676.946485261	189	true	676.8728052627472	677.205895692
676.946485261	0.0	cv_transition	/intervals/trials	189	cv_transition_time	n/a	n/a	n/a	n/a	n/a	n/a	n/a	n/a	n/a	noo	676.946485261	189	true	676.8728052627472	677.205895692
680.1908225100974	0.36524363046976305	trials	/intervals/trials	190	start_time	n/a	n/a	n/a	n/a	n/a	n/a	n/a	n/a	n/a	laa	680.26893424	190	true	680.1908225100974	680.5560661405672
680.26893424	0.0	cv_transition	/intervals/trials	190	cv_transition_time	n/a	n/a	n/a	n/a	n/a	n/a	n/a	n/a	n/a	laa	680.26893424	190	true	680.1908225100974	680.5560661405672
683.062647400828	0.3591213061719145	trials	/intervals/trials	191	start_time	n/a	n/a	n/a	n/a	n/a	n/a	n/a	n/a	n/a	yoo	683.202267574	191	true	683.062647400828	683.421768707
683.202267574	0.0	cv_transition	/intervals/trials	191	cv_transition_time	n/a	n/a	n/a	n/a	n/a	n/a	n/a	n/a	n/a	yoo	683.202267574	191	true	683.062647400828	683.421768707
687.3757436229444	0.30449316860665476	trials	/intervals/trials	192	start_time	n/a	n/a	n/a	n/a	n/a	n/a	n/a	n/a	n/a	yee	687.5283606368932	192	true	687.3757436229444	687.680236791551
687.5283606368932	0.0	cv_transition	/intervals/trials	192	cv_transition_time	n/a	n/a	n/a	n/a	n/a	n/a	n/a	n/a	n/a	yee	687.5283606368932	192	true	687.3757436229444	687.680236791551
702.3370570714835	4.0807955418907795	invalid_times	/intervals/invalid_times	8	start_time	n/a	n/a	n/a	n/a	8	702.3370570714835	706.4178526133743	"[""ECoG artifact""]"	"[{""idx_start"":2143362,""count"":12454,""timeseries"":""/acquisition/ElectricalSeries""}]"	n/a	n/a	n/a	n/a	n/a	n/a
716.1953578495518	0.38672833233806614	trials	/intervals/trials	193	start_time	n/a	n/a	n/a	n/a	n/a	n/a	n/a	n/a	n/a	boo	716.2709254547212	193	true	716.1953578495518	716.5820861818898
716.2709254547212	0.0	cv_transition	/intervals/trials	193	cv_transition_time	n/a	n/a	n/a	n/a	n/a	n/a	n/a	n/a	n/a	boo	716.2709254547212	193	true	716.1953578495518	716.5820861818898
718.303854875	0.429024944000048	trials	/intervals/trials	194	start_time	n/a	n/a	n/a	n/a	n/a	n/a	n/a	n/a	n/a	foo	718.397468197104	194	true	718.303854875	718.732879819
718.397468197104	0.0	cv_transition	/intervals/trials	194	cv_transition_time	n/a	n/a	n/a	n/a	n/a	n/a	n/a	n/a	n/a	foo	718.397468197104	194	true	718.303854875	718.732879819
720.2327542808013	0.5141560587023832	trials	/intervals/trials	195	start_time	n/a	n/a	n/a	n/a	n/a	n/a	n/a	n/a	n/a	zoo	720.4194507171024	195	true	720.2327542808013	720.7469103395036
720.4194507171024	0.0	cv_transition	/intervals/trials	195	cv_transition_time	n/a	n/a	n/a	n/a	n/a	n/a	n/a	n/a	n/a	zoo	720.4194507171024	195	true	720.2327542808013	720.7469103395036
722.3413951402372	0.4845217037338898	trials	/intervals/trials	196	start_time	n/a	n/a	n/a	n/a	n/a	n/a	n/a	n/a	n/a	soo	722.4925303505762	196	true	722.3413951402372	722.8259168439711
722.4925303505762	0.0	cv_transition	/intervals/trials	196	cv_transition_time	n/a	n/a	n/a	n/a	n/a	n/a	n/a	n/a	n/a	soo	722.4925303505762	196	true	722.3413951402372	722.8259168439711
725.108390023	0.3880367605408992	trials	/intervals/trials	197	start_time	n/a	n/a	n/a	n/a	n/a	n/a	n/a	n/a	n/a	poo	725.1971197983597	197	true	725.108390023	725.4964267835409
725.1971197983597	0.0	cv_transition	/intervals/trials	197	cv_transition_time	n/a	n/a	n/a	n/a	n/a	n/a	n/a	n/a	n/a	poo	725.1971197983597	197	true	725.108390023	725.4964267835409
728.8006514805348	0.40006334192662507	trials	/intervals/trials	198	start_time	n/a	n/a	n/a	n/a	n/a	n/a	n/a	n/a	n/a	roo	728.959637188	198	true	728.8006514805348	729.2007148224615
728.959637188	0.0	cv_transition	/intervals/trials	198	cv_transition_time	n/a	n/a	n/a	n/a	n/a	n/a	n/a	n/a	n/a	roo	728.959637188	198	true	728.8006514805348	729.2007148224615
733.5473104219946	0.3645021559776751	trials	/intervals/trials	199	start_time	n/a	n/a	n/a	n/a	n/a	n/a	n/a	n/a	n/a	raa	733.66893424	199	true	733.5473104219946	733.9118125779722
733.66893424	0.0	cv_transition	/intervals/trials	199	cv_transition_time	n/a	n/a	n/a	n/a	n/a	n/a	n/a	n/a	n/a	raa	733.66893424	199	true	733.5473104219946	733.9118125779722
736.5732934681932	0.34968499516548945	trials	/intervals/trials	200	start_time	n/a	n/a	n/a	n/a	n/a	n/a	n/a	n/a	n/a	moo	736.659973858944	200	true	736.5732934681932	736.9229784633587
736.659973858944	0.0	cv_transition	/intervals/trials	200	cv_transition_time	n/a	n/a	n/a	n/a	n/a	n/a	n/a	n/a	n/a	moo	736.659973858944	200	true	736.5732934681932	736.9229784633587
738.7627657645721	0.3963590517236071	trials	/intervals/trials	201	start_time	n/a	n/a	n/a	n/a	n/a	n/a	n/a	n/a	n/a	hee	738.8531504455259	201	true	738.7627657645721	739.1591248162957
738.8531504455259	0.0	cv_transition	/intervals/trials	201	cv_transition_time	n/a	n/a	n/a	n/a	n/a	n/a	n/a	n/a	n/a	hee	738.8531504455259	201	true	738.7627657645721	739.1591248162957
745.132879819	0.42136091279962784	trials	/intervals/trials	202	start_time	n/a	n/a	n/a	n/a	n/a	n/a	n/a	n/a	n/a	faa	745.2312266260958	202	true	745.132879819	745.5542407317996
745.2312266260958	0.0	cv_transition	/intervals/trials	202	cv_transition_time	n/a	n/a	n/a	n/a	n/a	n/a	n/a	n/a	n/a	faa	745.2312266260958	202	true	745.132879819	745.5542407317996
747.437641723	0.38911564700003964	trials	/intervals/trials	203	start_time	n/a	n/a	n/a	n/a	n/a	n/a	n/a	n/a	n/a	foo	747.537414966	203	true	747.437641723	747.82675737
747.537414966	0.0	cv_transition	/intervals/trials	203	cv_transition_time	n/a	n/a	n/a	n/a	n/a	n/a	n/a	n/a	n/a	foo	747.537414966	203	true	747.437641723	747.82675737
749.9798144898916	0.3652430140182332	trials	/intervals/trials	204	start_time	n/a	n/a	n/a	n/a	n/a	n/a	n/a	n/a	n/a	vee	750.071655329	204	true	749.9798144898916	750.3450575039099
750.071655329	0.0	cv_transition	/intervals/trials	204	cv_transition_time	n/a	n/a	n/a	n/a	n/a	n/a	n/a	n/a	n/a	vee	750.071655329	204	true	749.9798144898916	750.3450575039099
755.3973991160647	4.276765949269702	invalid_times	/intervals/invalid_times	7	start_time	n/a	n/a	n/a	n/a	7	755.3973991160647	759.6741650653344	"[""ECoG artifact""]"	"[{""idx_start"":2305289,""count"":13052,""timeseries"":""/acquisition/ElectricalSeries""}]"	n/a	n/a	n/a	n/a	n/a	n/a
758.1233168825681	0.3891547724318798	trials	/intervals/trials	205	start_time	n/a	n/a	n/a	n/a	n/a	n/a	n/a	n/a	n/a	foo	758.193197179	205	true	758.1233168825681	758.512471655
758.193197179	0.0	cv_transition	/intervals/trials	205	cv_transition_time	n/a	n/a	n/a	n/a	n/a	n/a	n/a	n/a	n/a	foo	758.193197179	205	true	758.1233168825681	758.512471655
760.7572456229573	0.37709610620993317	trials	/intervals/trials	206	start_time	n/a	n/a	n/a	n/a	n/a	n/a	n/a	n/a	n/a	hoo	760.854297862473	206	true	760.7572456229573	761.1343417291672
760.854297862473	0.0	cv_transition	/intervals/trials	206	cv_transition_time	n/a	n/a	n/a	n/a	n/a	n/a	n/a	n/a	n/a	hoo	760.854297862473	206	true	760.7572456229573	761.1343417291672
763.18185941	0.3292517009999756	trials	/intervals/trials	207	start_time	n/a	n/a	n/a	n/a	n/a	n/a	n/a	n/a	n/a	paa	763.25170068	207	true	763.18185941	763.511111111
763.25170068	0.0	cv_transition	/intervals/trials	207	cv_transition_time	n/a	n/a	n/a	n/a	n/a	n/a	n/a	n/a	n/a	paa	763.25170068	207	true	763.18185941	763.511111111
765.9908919620659	0.3267178444765477	trials	/intervals/trials	208	start_time	n/a	n/a	n/a	n/a	n/a	n/a	n/a	n/a	n/a	dee	766.0383067966385	208	true	765.9908919620659	766.3176098065425
766.0383067966385	0.0	cv_transition	/intervals/trials	208	cv_transition_time	n/a	n/a	n/a	n/a	n/a	n/a	n/a	n/a	n/a	dee	766.0383067966385	208	true	765.9908919620659	766.3176098065425
769.0494502371259	0.35190697534324045	trials	/intervals/trials	209	start_time	n/a	n/a	n/a	n/a	n/a	n/a	n/a	n/a	n/a	waa	769.158276644	209	true	769.0494502371259	769.4013572124692
769.158276644	0.0	cv_transition	/intervals/trials	209	cv_transition_time	n/a	n/a	n/a	n/a	n/a	n/a	n/a	n/a	n/a	waa	769.158276644	209	true	769.0494502371259	769.4013572124692
772.8	0.3558902063240339	trials	/intervals/trials	210	start_time	n/a	n/a	n/a	n/a	n/a	n/a	n/a	n/a	n/a	too	772.8832549075318	210	true	772.8	773.155890206324
772.8832549075318	0.0	cv_transition	/intervals/trials	210	cv_transition_time	n/a	n/a	n/a	n/a	n/a	n/a	n/a	n/a	n/a	too	772.8832549075318	210	true	772.8	773.155890206324
780.223129252	0.33851716309629865	trials	/intervals/trials	211	start_time	n/a	n/a	n/a	n/a	n/a	n/a	n/a	n/a	n/a	ree	780.352834467	211	true	780.223129252	780.5616464150963
780.352834467	0.0	cv_transition	/intervals/trials	211	cv_transition_time	n/a	n/a	n/a	n/a	n/a	n/a	n/a	n/a	n/a	ree	780.352834467	211	true	780.223129252	780.5616464150963
781.9889679250849	0.3859863876922418	trials	/intervals/trials	212	start_time	n/a	n/a	n/a	n/a	n/a	n/a	n/a	n/a	n/a	daa	782.078911565	212	true	781.9889679250849	782.3749543127772
782.078911565	0.0	cv_transition	/intervals/trials	212	cv_transition_time	n/a	n/a	n/a	n/a	n/a	n/a	n/a	n/a	n/a	daa	782.078911565	212	true	781.9889679250849	782.3749543127772
785.0552977342805	0.3437575506510484	trials	/intervals/trials	213	start_time	n/a	n/a	n/a	n/a	n/a	n/a	n/a	n/a	n/a	maa	785.1397554083628	213	true	785.0552977342805	785.3990552849316
785.1397554083628	0.0	cv_transition	/intervals/trials	213	cv_transition_time	n/a	n/a	n/a	n/a	n/a	n/a	n/a	n/a	n/a	maa	785.1397554083628	213	true	785.0552977342805	785.3990552849316
788.3080344663905	0.3178275629941254	trials	/intervals/trials	214	start_time	n/a	n/a	n/a	n/a	n/a	n/a	n/a	n/a	n/a	gee	788.3710072935572	214	true	788.3080344663905	788.6258620293846
788.3710072935572	0.0	cv_transition	/intervals/trials	214	cv_transition_time	n/a	n/a	n/a	n/a	n/a	n/a	n/a	n/a	n/a	gee	788.3710072935572	214	true	788.3080344663905	788.6258620293846
791.726984127	0.3374122728406519	trials	/intervals/trials	215	start_time	n/a	n/a	n/a	n/a	n/a	n/a	n/a	n/a	n/a	pee	791.7887976738876	215	true	791.726984127	792.0643963998407
791.7887976738876	0.0	cv_transition	/intervals/trials	215	cv_transition_time	n/a	n/a	n/a	n/a	n/a	n/a	n/a	n/a	n/a	pee	791.7887976738876	215	true	791.726984127	792.0643963998407
794.8258855398576	0.3689466815177411	trials	/intervals/trials	216	start_time	n/a	n/a	n/a	n/a	n/a	n/a	n/a	n/a	n/a	hee	794.879818594	216	true	794.8258855398576	795.1948322213753
794.879818594	0.0	cv_transition	/intervals/trials	216	cv_transition_time	n/a	n/a	n/a	n/a	n/a	n/a	n/a	n/a	n/a	hee	794.879818594	216	true	794.8258855398576	795.1948322213753
797.779135075662	0.3661042807331114	trials	/intervals/trials	217	start_time	n/a	n/a	n/a	n/a	n/a	n/a	n/a	n/a	n/a	foo	797.8784098855483	217	true	797.779135075662	798.1452393563951
797.8784098855483	0.0	cv_transition	/intervals/trials	217	cv_transition_time	n/a	n/a	n/a	n/a	n/a	n/a	n/a	n/a	n/a	foo	797.8784098855483	217	true	797.779135075662	798.1452393563951
800.806349206	0.34611269029358027	trials	/intervals/trials	218	start_time	n/a	n/a	n/a	n/a	n/a	n/a	n/a	n/a	n/a	naa	800.897977732033	218	true	800.806349206	801.1524618962936
800.897977732033	0.0	cv_transition	/intervals/trials	218	cv_transition_time	n/a	n/a	n/a	n/a	n/a	n/a	n/a	n/a	n/a	naa	800.897977732033	218	true	800.806349206	801.1524618962936
803.7631491486748	0.45005191080247187	trials	/intervals/trials	219	start_time	n/a	n/a	n/a	n/a	n/a	n/a	n/a	n/a	n/a	thee	803.8958311194151	219	true	803.7631491486748	804.2132010594772
803.8958311194151	0.0	cv_transition	/intervals/trials	219	cv_transition_time	n/a	n/a	n/a	n/a	n/a	n/a	n/a	n/a	n/a	thee	803.8958311194151	219	true	803.7631491486748	804.2132010594772
807.5276184670454	0.3507065866524499	trials	/intervals/trials	220	start_time	n/a	n/a	n/a	n/a	n/a	n/a	n/a	n/a	n/a	lee	807.6176287126691	220	true	807.5276184670454	807.8783250536978
807.6176287126691	0.0	cv_transition	/intervals/trials	220	cv_transition_time	n/a	n/a	n/a	n/a	n/a	n/a	n/a	n/a	n/a	lee	807.6176287126691	220	true	807.5276184670454	807.8783250536978
811.1514518038034	0.3933781105037042	trials	/intervals/trials	221	start_time	n/a	n/a	n/a	n/a	n/a	n/a	n/a	n/a	n/a	zoo	811.25260771	221	true	811.1514518038034	811.5448299143071
811.25260771	0.0	cv_transition	/intervals/trials	221	cv_transition_time	n/a	n/a	n/a	n/a	n/a	n/a	n/a	n/a	n/a	zoo	811.25260771	221	true	811.1514518038034	811.5448299143071
813.2649853251601	0.4719761258398876	trials	/intervals/trials	222	start_time	n/a	n/a	n/a	n/a	n/a	n/a	n/a	n/a	n/a	shoo	813.4203363416809	222	true	813.2649853251601	813.736961451
813.4203363416809	0.0	cv_transition	/intervals/trials	222	cv_transition_time	n/a	n/a	n/a	n/a	n/a	n/a	n/a	n/a	n/a	shoo	813.4203363416809	222	true	813.2649853251601	813.736961451
815.9738714648834	0.3960450807444431	trials	/intervals/trials	223	start_time	n/a	n/a	n/a	n/a	n/a	n/a	n/a	n/a	n/a	foo	816.0605479977063	223	true	815.9738714648834	816.3699165456278
816.0605479977063	0.0	cv_transition	/intervals/trials	223	cv_transition_time	n/a	n/a	n/a	n/a	n/a	n/a	n/a	n/a	n/a	foo	816.0605479977063	223	true	815.9738714648834	816.3699165456278
820.681179138	0.3854298859770324	trials	/intervals/trials	224	start_time	n/a	n/a	n/a	n/a	n/a	n/a	n/a	n/a	n/a	roo	820.840816327	224	true	820.681179138	821.066609023977
820.840816327	0.0	cv_transition	/intervals/trials	224	cv_transition_time	n/a	n/a	n/a	n/a	n/a	n/a	n/a	n/a	n/a	roo	820.840816327	224	true	820.681179138	821.066609023977
823.239346912768	0.3487063589718673	trials	/intervals/trials	225	start_time	n/a	n/a	n/a	n/a	n/a	n/a	n/a	n/a	n/a	yee	823.4126999784137	225	true	823.239346912768	823.5880532717399
823.4126999784137	0.0	cv_transition	/intervals/trials	225	cv_transition_time	n/a	n/a	n/a	n/a	n/a	n/a	n/a	n/a	n/a	yee	823.4126999784137	225	true	823.239346912768	823.5880532717399
825.8014869405752	0.3771978664248081	trials	/intervals/trials	226	start_time	n/a	n/a	n/a	n/a	n/a	n/a	n/a	n/a	n/a	noo	825.9021650671617	226	true	825.8014869405752	826.178684807
825.9021650671617	0.0	cv_transition	/intervals/trials	226	cv_transition_time	n/a	n/a	n/a	n/a	n/a	n/a	n/a	n/a	n/a	noo	825.9021650671617	226	true	825.8014869405752	826.178684807
828.4083874119583	0.38435635204166374	trials	/intervals/trials	227	start_time	n/a	n/a	n/a	n/a	n/a	n/a	n/a	n/a	n/a	doo	828.494397202221	227	true	828.4083874119583	828.792743764
828.494397202221	0.0	cv_transition	/intervals/trials	227	cv_transition_time	n/a	n/a	n/a	n/a	n/a	n/a	n/a	n/a	n/a	doo	828.494397202221	227	true	828.4083874119583	828.792743764
831.1325804184609	0.35270681433291884	trials	/intervals/trials	228	start_time	n/a	n/a	n/a	n/a	n/a	n/a	n/a	n/a	n/a	wee	831.207256236	228	true	831.1325804184609	831.4852872327938
831.207256236	0.0	cv_transition	/intervals/trials	228	cv_transition_time	n/a	n/a	n/a	n/a	n/a	n/a	n/a	n/a	n/a	wee	831.207256236	228	true	831.1325804184609	831.4852872327938
834.2073989331634	0.34203893337019053	trials	/intervals/trials	229	start_time	n/a	n/a	n/a	n/a	n/a	n/a	n/a	n/a	n/a	laa	834.2774069019819	229	true	834.2073989331634	834.5494378665336
834.2774069019819	0.0	cv_transition	/intervals/trials	229	cv_transition_time	n/a	n/a	n/a	n/a	n/a	n/a	n/a	n/a	n/a	laa	834.2774069019819	229	true	834.2073989331634	834.5494378665336
837.2651467645599	0.36870863577723867	trials	/intervals/trials	230	start_time	n/a	n/a	n/a	n/a	n/a	n/a	n/a	n/a	n/a	fee	837.3411554164198	230	true	837.2651467645599	837.6338554003371
837.3411554164198	0.0	cv_transition	/intervals/trials	230	cv_transition_time	n/a	n/a	n/a	n/a	n/a	n/a	n/a	n/a	n/a	fee	837.3411554164198	230	true	837.2651467645599	837.6338554003371
841.0477285523119	0.35470704201350145	trials	/intervals/trials	231	start_time	n/a	n/a	n/a	n/a	n/a	n/a	n/a	n/a	n/a	paa	841.1097356104083	231	true	841.0477285523119	841.4024355943254
841.1097356104083	0.0	cv_transition	/intervals/trials	231	cv_transition_time	n/a	n/a	n/a	n/a	n/a	n/a	n/a	n/a	n/a	paa	841.1097356104083	231	true	841.0477285523119	841.4024355943254
844.267573696	0.3687390495466616	trials	/intervals/trials	232	start_time	n/a	n/a	n/a	n/a	n/a	n/a	n/a	n/a	n/a	kee	844.367346939	232	true	844.267573696	844.6363127455467
844.367346939	0.0	cv_transition	/intervals/trials	232	cv_transition_time	n/a	n/a	n/a	n/a	n/a	n/a	n/a	n/a	n/a	kee	844.367346939	232	true	844.267573696	844.6363127455467
847.6441492511944	0.4153806149894308	trials	/intervals/trials	233	start_time	n/a	n/a	n/a	n/a	n/a	n/a	n/a	n/a	n/a	shaa	847.7388266947394	233	true	847.6441492511944	848.0595298661839
847.7388266947394	0.0	cv_transition	/intervals/trials	233	cv_transition_time	n/a	n/a	n/a	n/a	n/a	n/a	n/a	n/a	n/a	shaa	847.7388266947394	233	true	847.6441492511944	848.0595298661839
850.214058957	0.3782737778461751	trials	/intervals/trials	234	start_time	n/a	n/a	n/a	n/a	n/a	n/a	n/a	n/a	n/a	nee	850.303854875	234	true	850.214058957	850.5923327348462
850.303854875	0.0	cv_transition	/intervals/trials	234	cv_transition_time	n/a	n/a	n/a	n/a	n/a	n/a	n/a	n/a	n/a	nee	850.303854875	234	true	850.214058957	850.5923327348462
853.5599140083033	0.39004439770280896	trials	/intervals/trials	235	start_time	n/a	n/a	n/a	n/a	n/a	n/a	n/a	n/a	n/a	dee	853.656235828	235	true	853.5599140083033	853.9499584060061
853.656235828	0.0	cv_transition	/intervals/trials	235	cv_transition_time	n/a	n/a	n/a	n/a	n/a	n/a	n/a	n/a	n/a	dee	853.656235828	235	true	853.5599140083033	853.9499584060061
856.5315829762923	0.32270339912508916	trials	/intervals/trials	236	start_time	n/a	n/a	n/a	n/a	n/a	n/a	n/a	n/a	n/a	paa	856.5729210150232	236	true	856.5315829762923	856.8542863754174
856.5729210150232	0.0	cv_transition	/intervals/trials	236	cv_transition_time	n/a	n/a	n/a	n/a	n/a	n/a	n/a	n/a	n/a	paa	856.5729210150232	236	true	856.5315829762923	856.8542863754174
859.812244898	0.36204872853227243	trials	/intervals/trials	237	start_time	n/a	n/a	n/a	n/a	n/a	n/a	n/a	n/a	n/a	gaa	859.882086168	237	true	859.812244898	860.1742936265323
859.882086168	0.0	cv_transition	/intervals/trials	237	cv_transition_time	n/a	n/a	n/a	n/a	n/a	n/a	n/a	n/a	n/a	gaa	859.882086168	237	true	859.812244898	860.1742936265323
864.1360953885401	0.3593742399347093	trials	/intervals/trials	238	start_time	n/a	n/a	n/a	n/a	n/a	n/a	n/a	n/a	n/a	hoo	864.1740997144701	238	true	864.1360953885401	864.4954696284748
864.1740997144701	0.0	cv_transition	/intervals/trials	238	cv_transition_time	n/a	n/a	n/a	n/a	n/a	n/a	n/a	n/a	n/a	hoo	864.1740997144701	238	true	864.1360953885401	864.4954696284748
866.666666667	0.35918367300007503	trials	/intervals/trials	239	start_time	n/a	n/a	n/a	n/a	n/a	n/a	n/a	n/a	n/a	loo	866.7488488304745	239	true	866.666666667	867.02585034
866.7488488304745	0.0	cv_transition	/intervals/trials	239	cv_transition_time	n/a	n/a	n/a	n/a	n/a	n/a	n/a	n/a	n/a	loo	866.7488488304745	239	true	866.666666667	867.02585034
869.989115646	0.38332200998968347	trials	/intervals/trials	240	start_time	n/a	n/a	n/a	n/a	n/a	n/a	n/a	n/a	n/a	kaa	870.0697365336699	240	true	869.989115646	870.3724376559896
870.0697365336699	0.0	cv_transition	/intervals/trials	240	cv_transition_time	n/a	n/a	n/a	n/a	n/a	n/a	n/a	n/a	n/a	kaa	870.0697365336699	240	true	869.989115646	870.3724376559896
873.8516626045549	0.33270453752777485	trials	/intervals/trials	241	start_time	n/a	n/a	n/a	n/a	n/a	n/a	n/a	n/a	n/a	vaa	873.93015873	241	true	873.8516626045549	874.1843671420827
873.93015873	0.0	cv_transition	/intervals/trials	241	cv_transition_time	n/a	n/a	n/a	n/a	n/a	n/a	n/a	n/a	n/a	vaa	873.93015873	241	true	873.8516626045549	874.1843671420827
876.394557823	0.4152955643276073	trials	/intervals/trials	242	start_time	n/a	n/a	n/a	n/a	n/a	n/a	n/a	n/a	n/a	woo	876.6024964511129	242	true	876.394557823	876.8098533873276
876.6024964511129	0.0	cv_transition	/intervals/trials	242	cv_transition_time	n/a	n/a	n/a	n/a	n/a	n/a	n/a	n/a	n/a	woo	876.6024964511129	242	true	876.394557823	876.8098533873276
879.367800454	0.37669628571200064	trials	/intervals/trials	243	start_time	n/a	n/a	n/a	n/a	n/a	n/a	n/a	n/a	n/a	tee	879.4705649424686	243	true	879.367800454	879.744496739712
879.4705649424686	0.0	cv_transition	/intervals/trials	243	cv_transition_time	n/a	n/a	n/a	n/a	n/a	n/a	n/a	n/a	n/a	tee	879.4705649424686	243	true	879.367800454	879.744496739712
882.450793651	0.356161734305374	trials	/intervals/trials	244	start_time	n/a	n/a	n/a	n/a	n/a	n/a	n/a	n/a	n/a	too	882.547592529397	244	true	882.450793651	882.8069553853054
882.547592529397	0.0	cv_transition	/intervals/trials	244	cv_transition_time	n/a	n/a	n/a	n/a	n/a	n/a	n/a	n/a	n/a	too	882.547592529397	244	true	882.450793651	882.8069553853054
886.1053468470651	0.4267152385125428	trials	/intervals/trials	245	start_time	n/a	n/a	n/a	n/a	n/a	n/a	n/a	n/a	n/a	faa	886.1600197369995	245	true	886.1053468470651	886.5320620855776
886.1600197369995	0.0	cv_transition	/intervals/trials	245	cv_transition_time	n/a	n/a	n/a	n/a	n/a	n/a	n/a	n/a	n/a	faa	886.1600197369995	245	true	886.1053468470651	886.5320620855776
889.7955303096379	0.33537150776851377	trials	/intervals/trials	246	start_time	n/a	n/a	n/a	n/a	n/a	n/a	n/a	n/a	n/a	waa	889.901542376706	246	true	889.7955303096379	890.1309018174064
889.901542376706	0.0	cv_transition	/intervals/trials	246	cv_transition_time	n/a	n/a	n/a	n/a	n/a	n/a	n/a	n/a	n/a	waa	889.901542376706	246	true	889.7955303096379	890.1309018174064
891.949206349	0.3599375546724559	trials	/intervals/trials	247	start_time	n/a	n/a	n/a	n/a	n/a	n/a	n/a	n/a	n/a	poo	892.0104432367136	247	true	891.949206349	892.3091439036724
892.0104432367136	0.0	cv_transition	/intervals/trials	247	cv_transition_time	n/a	n/a	n/a	n/a	n/a	n/a	n/a	n/a	n/a	poo	892.0104432367136	247	true	891.949206349	892.3091439036724
895.231746032	0.36759628469826566	trials	/intervals/trials	248	start_time	n/a	n/a	n/a	n/a	n/a	n/a	n/a	n/a	n/a	koo	895.3219774116652	248	true	895.231746032	895.5993423166983
895.3219774116652	0.0	cv_transition	/intervals/trials	248	cv_transition_time	n/a	n/a	n/a	n/a	n/a	n/a	n/a	n/a	n/a	koo	895.3219774116652	248	true	895.231746032	895.5993423166983
898.3478505030105	0.3713756060178639	trials	/intervals/trials	249	start_time	n/a	n/a	n/a	n/a	n/a	n/a	n/a	n/a	n/a	yoo	898.494331066	249	true	898.3478505030105	898.7192261090283
898.494331066	0.0	cv_transition	/intervals/trials	249	cv_transition_time	n/a	n/a	n/a	n/a	n/a	n/a	n/a	n/a	n/a	yoo	898.494331066	249	true	898.3478505030105	898.7192261090283
901.7594205458623	0.3473728738515547	trials	/intervals/trials	250	start_time	n/a	n/a	n/a	n/a	n/a	n/a	n/a	n/a	n/a	doo	901.8120932081162	250	true	901.7594205458623	902.1067934197139
901.8120932081162	0.0	cv_transition	/intervals/trials	250	cv_transition_time	n/a	n/a	n/a	n/a	n/a	n/a	n/a	n/a	n/a	doo	901.8120932081162	250	true	901.7594205458623	902.1067934197139
906.246712018	0.3060360341563637	trials	/intervals/trials	251	start_time	n/a	n/a	n/a	n/a	n/a	n/a	n/a	n/a	n/a	dhee	906.286621315	251	true	906.246712018	906.5527480521564
906.286621315	0.0	cv_transition	/intervals/trials	251	cv_transition_time	n/a	n/a	n/a	n/a	n/a	n/a	n/a	n/a	n/a	dhee	906.286621315	251	true	906.246712018	906.5527480521564
908.4499477714867	0.4407168322761663	trials	/intervals/trials	252	start_time	n/a	n/a	n/a	n/a	n/a	n/a	n/a	n/a	n/a	yaa	908.59138322	252	true	908.4499477714867	908.8906646037628
908.59138322	0.0	cv_transition	/intervals/trials	252	cv_transition_time	n/a	n/a	n/a	n/a	n/a	n/a	n/a	n/a	n/a	yaa	908.59138322	252	true	908.4499477714867	908.8906646037628
910.5969382439858	0.38671068490191374	trials	/intervals/trials	253	start_time	n/a	n/a	n/a	n/a	n/a	n/a	n/a	n/a	n/a	haa	910.686621315	253	true	910.5969382439858	910.9836489288878
910.686621315	0.0	cv_transition	/intervals/trials	253	cv_transition_time	n/a	n/a	n/a	n/a	n/a	n/a	n/a	n/a	n/a	haa	910.686621315	253	true	910.5969382439858	910.9836489288878
913.6736768875306	0.35537378457365776	trials	/intervals/trials	254	start_time	n/a	n/a	n/a	n/a	n/a	n/a	n/a	n/a	n/a	goo	913.7563529649924	254	true	913.6736768875306	914.0290506721043
913.7563529649924	0.0	cv_transition	/intervals/trials	254	cv_transition_time	n/a	n/a	n/a	n/a	n/a	n/a	n/a	n/a	n/a	goo	913.7563529649924	254	true	913.6736768875306	914.0290506721043
917.0675908990978	0.37737628905949805	trials	/intervals/trials	255	start_time	n/a	n/a	n/a	n/a	n/a	n/a	n/a	n/a	n/a	shee	917.1782701640869	255	true	917.0675908990978	917.4449671881573
917.1782701640869	0.0	cv_transition	/intervals/trials	255	cv_transition_time	n/a	n/a	n/a	n/a	n/a	n/a	n/a	n/a	n/a	shee	917.1782701640869	255	true	917.0675908990978	917.4449671881573
920.5873073272586	0.4513847132390083	trials	/intervals/trials	256	start_time	n/a	n/a	n/a	n/a	n/a	n/a	n/a	n/a	n/a	shaa	920.7206558392938	256	true	920.5873073272586	921.0386920404976
920.7206558392938	0.0	cv_transition	/intervals/trials	256	cv_transition_time	n/a	n/a	n/a	n/a	n/a	n/a	n/a	n/a	n/a	shaa	920.7206558392938	256	true	920.5873073272586	921.0386920404976
923.8552616369218	0.3600409824949793	trials	/intervals/trials	257	start_time	n/a	n/a	n/a	n/a	n/a	n/a	n/a	n/a	n/a	kee	923.9192689226987	257	true	923.8552616369218	924.2153026194168
923.9192689226987	0.0	cv_transition	/intervals/trials	257	cv_transition_time	n/a	n/a	n/a	n/a	n/a	n/a	n/a	n/a	n/a	kee	923.9192689226987	257	true	923.8552616369218	924.2153026194168
926.455090130914	0.40137902122580726	trials	/intervals/trials	258	start_time	n/a	n/a	n/a	n/a	n/a	n/a	n/a	n/a	n/a	shoo	926.6051072069534	258	true	926.455090130914	926.8564691521398
926.6051072069534	0.0	cv_transition	/intervals/trials	258	cv_transition_time	n/a	n/a	n/a	n/a	n/a	n/a	n/a	n/a	n/a	shoo	926.6051072069534	258	true	926.455090130914	926.8564691521398
929.5101526689137	0.4020457637859636	trials	/intervals/trials	259	start_time	n/a	n/a	n/a	n/a	n/a	n/a	n/a	n/a	n/a	raa	929.633560091	259	true	929.5101526689137	929.9121984326997
929.633560091	0.0	cv_transition	/intervals/trials	259	cv_transition_time	n/a	n/a	n/a	n/a	n/a	n/a	n/a	n/a	n/a	raa	929.633560091	259	true	929.5101526689137	929.9121984326997
932.995918367	0.3339542375614428	trials	/intervals/trials	260	start_time	n/a	n/a	n/a	n/a	n/a	n/a	n/a	n/a	n/a	thoo	933.039839590885	260	true	932.995918367	933.3298726045614
933.039839590885	0.0	cv_transition	/intervals/trials	260	cv_transition_time	n/a	n/a	n/a	n/a	n/a	n/a	n/a	n/a	n/a	thoo	933.039839590885	260	true	932.995918367	933.3298726045614
936.9224418423668	0.3373717354489827	trials	/intervals/trials	261	start_time	n/a	n/a	n/a	n/a	n/a	n/a	n/a	n/a	n/a	maa	937.033121107356	261	true	936.9224418423668	937.2598135778157
937.033121107356	0.0	cv_transition	/intervals/trials	261	cv_transition_time	n/a	n/a	n/a	n/a	n/a	n/a	n/a	n/a	n/a	maa	937.033121107356	261	true	936.9224418423668	937.2598135778157
941.0261269748748	0.37069842212520143	trials	/intervals/trials	262	start_time	n/a	n/a	n/a	n/a	n/a	n/a	n/a	n/a	n/a	ree	941.167346939	262	true	941.0261269748748	941.396825397
941.167346939	0.0	cv_transition	/intervals/trials	262	cv_transition_time	n/a	n/a	n/a	n/a	n/a	n/a	n/a	n/a	n/a	ree	941.167346939	262	true	941.0261269748748	941.396825397
943.614595388475	0.33203779496761854	trials	/intervals/trials	263	start_time	n/a	n/a	n/a	n/a	n/a	n/a	n/a	n/a	n/a	thaa	943.6519329718449	263	true	943.614595388475	943.9466331834426
943.6519329718449	0.0	cv_transition	/intervals/trials	263	cv_transition_time	n/a	n/a	n/a	n/a	n/a	n/a	n/a	n/a	n/a	thaa	943.6519329718449	263	true	943.614595388475	943.9466331834426
946.5279007101954	0.3480396164118247	trials	/intervals/trials	264	start_time	n/a	n/a	n/a	n/a	n/a	n/a	n/a	n/a	n/a	vee	946.604988662	264	true	946.5279007101954	946.8759403266072
946.604988662	0.0	cv_transition	/intervals/trials	264	cv_transition_time	n/a	n/a	n/a	n/a	n/a	n/a	n/a	n/a	n/a	vee	946.604988662	264	true	946.5279007101954	946.8759403266072
949.3178606042734	0.3160359735232987	trials	/intervals/trials	265	start_time	n/a	n/a	n/a	n/a	n/a	n/a	n/a	n/a	n/a	moo	949.418594104	265	true	949.3178606042734	949.6338965777967
949.418594104	0.0	cv_transition	/intervals/trials	265	cv_transition_time	n/a	n/a	n/a	n/a	n/a	n/a	n/a	n/a	n/a	moo	949.418594104	265	true	949.3178606042734	949.6338965777967
952.3566299449581	0.3727090911382902	trials	/intervals/trials	266	start_time	n/a	n/a	n/a	n/a	n/a	n/a	n/a	n/a	n/a	zee	952.4306383691376	266	true	952.3566299449581	952.7293390360963
952.4306383691376	0.0	cv_transition	/intervals/trials	266	cv_transition_time	n/a	n/a	n/a	n/a	n/a	n/a	n/a	n/a	n/a	zee	952.4306383691376	266	true	952.3566299449581	952.7293390360963
955.155555556	0.37843035640219114	trials	/intervals/trials	267	start_time	n/a	n/a	n/a	n/a	n/a	n/a	n/a	n/a	n/a	kaa	955.2346185028832	267	true	955.155555556	955.5339859124022
955.2346185028832	0.0	cv_transition	/intervals/trials	267	cv_transition_time	n/a	n/a	n/a	n/a	n/a	n/a	n/a	n/a	n/a	kaa	955.2346185028832	267	true	955.155555556	955.5339859124022
957.8644928916148	0.43604963435495847	trials	/intervals/trials	268	start_time	n/a	n/a	n/a	n/a	n/a	n/a	n/a	n/a	n/a	saa	957.9991748887703	268	true	957.8644928916148	958.3005425259697
957.9991748887703	0.0	cv_transition	/intervals/trials	268	cv_transition_time	n/a	n/a	n/a	n/a	n/a	n/a	n/a	n/a	n/a	saa	957.9991748887703	268	true	957.8644928916148	958.3005425259697
960.8922924362699	0.358707497374553	trials	/intervals/trials	269	start_time	n/a	n/a	n/a	n/a	n/a	n/a	n/a	n/a	n/a	faa	960.9582999497273	269	true	960.8922924362699	961.2509999336445
960.9582999497273	0.0	cv_transition	/intervals/trials	269	cv_transition_time	n/a	n/a	n/a	n/a	n/a	n/a	n/a	n/a	n/a	faa	960.9582999497273	269	true	960.8922924362699	961.2509999336445
964.454421769	0.41401485977758057	trials	/intervals/trials	270	start_time	n/a	n/a	n/a	n/a	n/a	n/a	n/a	n/a	n/a	fee	964.5904049811843	270	true	964.454421769	964.8684366287775
964.5904049811843	0.0	cv_transition	/intervals/trials	270	cv_transition_time	n/a	n/a	n/a	n/a	n/a	n/a	n/a	n/a	n/a	fee	964.5904049811843	270	true	964.454421769	964.8684366287775
968.1984857155858	0.35661632541427934	trials	/intervals/trials	271	start_time	n/a	n/a	n/a	n/a	n/a	n/a	n/a	n/a	n/a	mee	968.29569161	271	true	968.1984857155858	968.555102041
968.29569161	0.0	cv_transition	/intervals/trials	271	cv_transition_time	n/a	n/a	n/a	n/a	n/a	n/a	n/a	n/a	n/a	mee	968.29569161	271	true	968.1984857155858	968.555102041
970.8780552880581	0.3487063589718673	trials	/intervals/trials	272	start_time	n/a	n/a	n/a	n/a	n/a	n/a	n/a	n/a	n/a	pee	970.9153928714279	272	true	970.8780552880581	971.22676164703
970.9153928714279	0.0	cv_transition	/intervals/trials	272	cv_transition_time	n/a	n/a	n/a	n/a	n/a	n/a	n/a	n/a	n/a	pee	970.9153928714279	272	true	970.8780552880581	971.22676164703
