onset	duration	trial_type	source_table	source_row	source_onset_column	nwb_epochs_id	nwb_epochs_label	nwb_epochs_start_time	nwb_epochs_stop_time	nwb_trials_condition	nwb_trials_cv_transition_time	nwb_trials_id	nwb_trials_speak	nwb_trials_start_time	nwb_trials_stop_time
10.0	60.0	epochs	/intervals/epochs	0	start_time	0	rest_period	10.0	70.0	n/a	n/a	n/a	n/a	n/a	n/a
40.3215048	0.35534950000000265	trials	/intervals/trials	0	start_time	n/a	n/a	n/a	n/a	baa	40.3265286	0	true	40.3215048	40.6768543
40.3265286	0.0	cv_transition	/intervals/trials	0	cv_transition_time	n/a	n/a	n/a	n/a	baa	40.3265286	0	true	40.3215048	40.6768543
41.3828709	0.4646078000000031	trials	/intervals/trials	1	start_time	n/a	n/a	n/a	n/a	daa	41.3911953	1	true	41.3828709	41.8474787
41.3911953	0.0	cv_transition	/intervals/trials	1	cv_transition_time	n/a	n/a	n/a	n/a	daa	41.3911953	1	true	41.3828709	41.8474787
42.5248799	0.5166356000000007	trials	/intervals/trials	2	start_time	n/a	n/a	n/a	n/a	gaa	42.5643161	2	true	42.5248799	43.0415155
42.5643161	0.0	cv_transition	/intervals/trials	2	cv_transition_time	n/a	n/a	n/a	n/a	gaa	42.5643161	2	true	42.5248799	43.0415155
43.6627268	0.49530409999999847	trials	/intervals/trials	3	start_time	n/a	n/a	n/a	n/a	paa	43.704349	3	true	43.6627268	44.1580309
43.704349	0.0	cv_transition	/intervals/trials	3	cv_transition_time	n/a	n/a	n/a	n/a	paa	43.704349	3	true	43.6627268	44.1580309
44.8442769	0.5374467000000038	trials	/intervals/trials	4	start_time	n/a	n/a	n/a	n/a	taa	44.9264808	4	true	44.8442769	45.3817236
44.9264808	0.0	cv_transition	/intervals/trials	4	cv_transition_time	n/a	n/a	n/a	n/a	taa	44.9264808	4	true	44.8442769	45.3817236
46.1038687	0.49582449999999767	trials	/intervals/trials	5	start_time	n/a	n/a	n/a	n/a	kaa	46.1876334	5	true	46.1038687	46.5996932
46.1876334	0.0	cv_transition	/intervals/trials	5	cv_transition_time	n/a	n/a	n/a	n/a	kaa	46.1876334	5	true	46.1038687	46.5996932
47.2261073	0.4999865999999997	trials	/intervals/trials	6	start_time	n/a	n/a	n/a	n/a	maa	47.3275614	6	true	47.2261073	47.7260939
47.3275614	0.0	cv_transition	/intervals/trials	6	cv_transition_time	n/a	n/a	n/a	n/a	maa	47.3275614	6	true	47.2261073	47.7260939
48.3774813	0.542129199999998	trials	/intervals/trials	7	start_time	n/a	n/a	n/a	n/a	naa	48.4581243	7	true	48.3774813	48.9196105
48.4581243	0.0	cv_transition	/intervals/trials	7	cv_transition_time	n/a	n/a	n/a	n/a	naa	48.4581243	7	true	48.3774813	48.9196105
49.4227188	0.7252668	trials	/intervals/trials	8	start_time	n/a	n/a	n/a	n/a	shaa	49.7208378	8	true	49.4227188	50.1479856
49.7208378	0.0	cv_transition	/intervals/trials	8	cv_transition_time	n/a	n/a	n/a	n/a	shaa	49.7208378	8	true	49.4227188	50.1479856
50.6828308	0.7221451999999999	trials	/intervals/trials	9	start_time	n/a	n/a	n/a	n/a	saa	50.9627401	9	true	50.6828308	51.404976
50.9627401	0.0	cv_transition	/intervals/trials	9	cv_transition_time	n/a	n/a	n/a	n/a	saa	50.9627401	9	true	50.6828308	51.404976
52.9970251	0.4989460999999977	trials	/intervals/trials	10	start_time	n/a	n/a	n/a	n/a	haa	53.1702775	10	true	52.9970251	53.4959712
53.1702775	0.0	cv_transition	/intervals/trials	10	cv_transition_time	n/a	n/a	n/a	n/a	haa	53.1702775	10	true	52.9970251	53.4959712
54.1733725	0.5577374000000006	trials	/intervals/trials	11	start_time	n/a	n/a	n/a	n/a	vaa	54.3409018	11	true	54.1733725	54.7311099
54.3409018	0.0	cv_transition	/intervals/trials	11	cv_transition_time	n/a	n/a	n/a	n/a	vaa	54.3409018	11	true	54.1733725	54.7311099
55.3700107	0.5431697	trials	/intervals/trials	12	start_time	n/a	n/a	n/a	n/a	raa	55.5172492	12	true	55.3700107	55.9131804
55.5172492	0.0	cv_transition	/intervals/trials	12	cv_transition_time	n/a	n/a	n/a	n/a	raa	55.5172492	12	true	55.3700107	55.9131804
56.5437567	0.5239193999999969	trials	/intervals/trials	13	start_time	n/a	n/a	n/a	n/a	laa	56.6499691	13	true	56.5437567	57.0676761
56.6499691	0.0	cv_transition	/intervals/trials	13	cv_transition_time	n/a	n/a	n/a	n/a	laa	56.6499691	13	true	56.5437567	57.0676761
57.7414354	0.5613793999999999	trials	/intervals/trials	14	start_time	n/a	n/a	n/a	n/a	yaa	57.9029305	14	true	57.7414354	58.3028148
57.9029305	0.0	cv_transition	/intervals/trials	14	cv_transition_time	n/a	n/a	n/a	n/a	yaa	57.9029305	14	true	57.7414354	58.3028148
58.9739728	0.5280816000000002	trials	/intervals/trials	15	start_time	n/a	n/a	n/a	n/a	waa	59.0951974	15	true	58.9739728	59.5020544
59.0951974	0.0	cv_transition	/intervals/trials	15	cv_transition_time	n/a	n/a	n/a	n/a	waa	59.0951974	15	true	58.9739728	59.5020544
60.3407417	0.3787619999999947	trials	/intervals/trials	16	start_time	n/a	n/a	n/a	n/a	bee	60.3579109	16	true	60.3407417	60.7195037
60.3579109	0.0	cv_transition	/intervals/trials	16	cv_transition_time	n/a	n/a	n/a	n/a	bee	60.3579109	16	true	60.3407417	60.7195037
61.4770277	0.4635673000000011	trials	/intervals/trials	17	start_time	n/a	n/a	n/a	n/a	dee	61.5035619	17	true	61.4770277	61.940595
61.5035619	0.0	cv_transition	/intervals/trials	17	cv_transition_time	n/a	n/a	n/a	n/a	dee	61.5035619	17	true	61.4770277	61.940595
62.5914621	0.5005069999999989	trials	/intervals/trials	18	start_time	n/a	n/a	n/a	n/a	gee	62.6590982	18	true	62.5914621	63.0919691
62.6590982	0.0	cv_transition	/intervals/trials	18	cv_transition_time	n/a	n/a	n/a	n/a	gee	62.6590982	18	true	62.5914621	63.0919691
63.7308698	0.5306830000000033	trials	/intervals/trials	19	start_time	n/a	n/a	n/a	n/a	pee	63.8239995	19	true	63.7308698	64.2615528
63.8239995	0.0	cv_transition	/intervals/trials	19	cv_transition_time	n/a	n/a	n/a	n/a	pee	63.8239995	19	true	63.7308698	64.2615528
64.9675694	0.5072705000000042	trials	/intervals/trials	20	start_time	n/a	n/a	n/a	n/a	tee	65.0554963	20	true	64.9675694	65.4748399
65.0554963	0.0	cv_transition	/intervals/trials	20	cv_transition_time	n/a	n/a	n/a	n/a	tee	65.0554963	20	true	64.9675694	65.4748399
66.1943837	0.5379669000000007	trials	/intervals/trials	21	start_time	n/a	n/a	n/a	n/a	kee	66.3166489	21	true	66.1943837	66.7323506
66.3166489	0.0	cv_transition	/intervals/trials	21	cv_transition_time	n/a	n/a	n/a	n/a	kee	66.3166489	21	true	66.1943837	66.7323506
67.4347252	0.5483724999999993	trials	/intervals/trials	22	start_time	n/a	n/a	n/a	n/a	mee	67.5294157	22	true	67.4347252	67.9830977
67.5294157	0.0	cv_transition	/intervals/trials	22	cv_transition_time	n/a	n/a	n/a	n/a	mee	67.5294157	22	true	67.4347252	67.9830977
68.6506137	0.5655416000000031	trials	/intervals/trials	23	start_time	n/a	n/a	n/a	n/a	nee	68.8212647	23	true	68.6506137	69.2161553
68.8212647	0.0	cv_transition	/intervals/trials	23	cv_transition_time	n/a	n/a	n/a	n/a	nee	68.8212647	23	true	68.6506137	69.2161553
69.7895011	0.663874000000007	trials	/intervals/trials	24	start_time	n/a	n/a	n/a	n/a	shee	70.0137407	24	true	69.7895011	70.4533751
70.0137407	0.0	cv_transition	/intervals/trials	24	cv_transition_time	n/a	n/a	n/a	n/a	shee	70.0137407	24	true	69.7895011	70.4533751
71.0251601	0.6571104000000076	trials	/intervals/trials	25	start_time	n/a	n/a	n/a	n/a	see	71.2561633	25	true	71.0251601	71.6822705
71.2561633	0.0	cv_transition	/intervals/trials	25	cv_transition_time	n/a	n/a	n/a	n/a	see	71.2561633	25	true	71.0251601	71.6822705
73.5625534	0.5717848999999973	trials	/intervals/trials	26	start_time	n/a	n/a	n/a	n/a	hee	73.6842983	26	true	73.5625534	74.1343383
73.6842983	0.0	cv_transition	/intervals/trials	26	cv_transition_time	n/a	n/a	n/a	n/a	hee	73.6842983	26	true	73.5625534	74.1343383
74.8283885	0.5390074000000027	trials	/intervals/trials	27	start_time	n/a	n/a	n/a	n/a	vee	74.9574173	27	true	74.8283885	75.3673959
74.9574173	0.0	cv_transition	/intervals/trials	27	cv_transition_time	n/a	n/a	n/a	n/a	vee	74.9574173	27	true	74.8283885	75.3673959
75.9761206	0.6721984999999933	trials	/intervals/trials	28	start_time	n/a	n/a	n/a	n/a	ree	76.1977588	28	true	75.9761206	76.6483191
76.1977588	0.0	cv_transition	/intervals/trials	28	cv_transition_time	n/a	n/a	n/a	n/a	ree	76.1977588	28	true	75.9761206	76.6483191
77.205016	0.6768809999999945	trials	/intervals/trials	29	start_time	n/a	n/a	n/a	n/a	lee	77.4810754	29	true	77.205016	77.881897
77.4810754	0.0	cv_transition	/intervals/trials	29	cv_transition_time	n/a	n/a	n/a	n/a	lee	77.4810754	29	true	77.205016	77.881897
79.7554162	0.5899947000000054	trials	/intervals/trials	30	start_time	n/a	n/a	n/a	n/a	wee	79.8625934	30	true	79.7554162	80.3454109
79.8625934	0.0	cv_transition	/intervals/trials	30	cv_transition_time	n/a	n/a	n/a	n/a	wee	79.8625934	30	true	79.7554162	80.3454109
81.1742129	0.44899949999999933	trials	/intervals/trials	31	start_time	n/a	n/a	n/a	n/a	boo	81.2069904	31	true	81.1742129	81.6232124
81.2069904	0.0	cv_transition	/intervals/trials	31	cv_transition_time	n/a	n/a	n/a	n/a	boo	81.2069904	31	true	81.1742129	81.6232124
82.4936366	0.45004000000000133	trials	/intervals/trials	32	start_time	n/a	n/a	n/a	n/a	doo	82.5170491	32	true	82.4936366	82.9436766
82.5170491	0.0	cv_transition	/intervals/trials	32	cv_transition_time	n/a	n/a	n/a	n/a	doo	82.5170491	32	true	82.4936366	82.9436766
83.6866927	0.5155352000000022	trials	/intervals/trials	33	start_time	n/a	n/a	n/a	n/a	goo	83.7423026	33	true	83.6866927	84.2022279
83.7423026	0.0	cv_transition	/intervals/trials	33	cv_transition_time	n/a	n/a	n/a	n/a	goo	83.7423026	33	true	83.6866927	84.2022279
86.1189301	0.5145543999999944	trials	/intervals/trials	34	start_time	n/a	n/a	n/a	n/a	too	86.1891676	34	true	86.1189301	86.6334845
86.1891676	0.0	cv_transition	/intervals/trials	34	cv_transition_time	n/a	n/a	n/a	n/a	too	86.1891676	34	true	86.1189301	86.6334845
87.442516	0.5358858000000026	trials	/intervals/trials	35	start_time	n/a	n/a	n/a	n/a	koo	87.5091115	35	true	87.442516	87.9784018
87.5091115	0.0	cv_transition	/intervals/trials	35	cv_transition_time	n/a	n/a	n/a	n/a	koo	87.5091115	35	true	87.442516	87.9784018
88.6365528	0.562420000000003	trials	/intervals/trials	36	start_time	n/a	n/a	n/a	n/a	moo	88.7603789	36	true	88.6365528	89.1989728
88.7603789	0.0	cv_transition	/intervals/trials	36	cv_transition_time	n/a	n/a	n/a	n/a	moo	88.7603789	36	true	88.6365528	89.1989728
90.4309899	0.5665821000000051	trials	/intervals/trials	37	start_time	n/a	n/a	n/a	n/a	noo	90.5542956	37	true	90.4309899	90.997572
90.5542956	0.0	cv_transition	/intervals/trials	37	cv_transition_time	n/a	n/a	n/a	n/a	noo	90.5542956	37	true	90.4309899	90.997572
91.674453	0.6909284999999983	trials	/intervals/trials	38	start_time	n/a	n/a	n/a	n/a	shoo	91.9023346	38	true	91.674453	92.3653815
91.9023346	0.0	cv_transition	/intervals/trials	38	cv_transition_time	n/a	n/a	n/a	n/a	shoo	91.9023346	38	true	91.674453	92.3653815
92.9392476	0.6815634999999958	trials	/intervals/trials	39	start_time	n/a	n/a	n/a	n/a	soo	93.1379936	39	true	92.9392476	93.6208111
93.1379936	0.0	cv_transition	/intervals/trials	39	cv_transition_time	n/a	n/a	n/a	n/a	soo	93.1379936	39	true	92.9392476	93.6208111
95.7903682	0.524959999999993	trials	/intervals/trials	40	start_time	n/a	n/a	n/a	n/a	hoo	95.9079509	40	true	95.7903682	96.3153282
95.9079509	0.0	cv_transition	/intervals/trials	40	cv_transition_time	n/a	n/a	n/a	n/a	hoo	95.9079509	40	true	95.7903682	96.3153282
97.1077108	0.5540954999999883	trials	/intervals/trials	41	start_time	n/a	n/a	n/a	n/a	voo	97.1992796	41	true	97.1077108	97.6618063
97.1992796	0.0	cv_transition	/intervals/trials	41	cv_transition_time	n/a	n/a	n/a	n/a	voo	97.1992796	41	true	97.1077108	97.6618063
98.4364995	0.5483724000000052	trials	/intervals/trials	42	start_time	n/a	n/a	n/a	n/a	roo	98.5396686	42	true	98.4364995	98.9848719
98.5396686	0.0	cv_transition	/intervals/trials	42	cv_transition_time	n/a	n/a	n/a	n/a	roo	98.5396686	42	true	98.4364995	98.9848719
99.7887006	0.5514942000000076	trials	/intervals/trials	43	start_time	n/a	n/a	n/a	n/a	loo	99.9031617	43	true	99.7887006	100.3401948
99.9031617	0.0	cv_transition	/intervals/trials	43	cv_transition_time	n/a	n/a	n/a	n/a	loo	99.9031617	43	true	99.7887006	100.3401948
101.201254	0.5504535999999973	trials	/intervals/trials	44	start_time	n/a	n/a	n/a	n/a	yoo	101.3372596	44	true	101.201254	101.7517076
101.3372596	0.0	cv_transition	/intervals/trials	44	cv_transition_time	n/a	n/a	n/a	n/a	yoo	101.3372596	44	true	101.201254	101.7517076
102.4821772	0.5660619000000082	trials	/intervals/trials	45	start_time	n/a	n/a	n/a	n/a	woo	102.6034018	45	true	102.4821772	103.0482391
102.6034018	0.0	cv_transition	/intervals/trials	45	cv_transition_time	n/a	n/a	n/a	n/a	woo	102.6034018	45	true	102.4821772	103.0482391
104.1226121	0.5244397000000021	trials	/intervals/trials	46	start_time	n/a	n/a	n/a	n/a	baa	104.1366596	46	true	104.1226121	104.6470518
104.1366596	0.0	cv_transition	/intervals/trials	46	cv_transition_time	n/a	n/a	n/a	n/a	baa	104.1366596	46	true	104.1226121	104.6470518
105.4862593	0.5592982999999947	trials	/intervals/trials	47	start_time	n/a	n/a	n/a	n/a	daa	105.5070704	47	true	105.4862593	106.0455576
105.5070704	0.0	cv_transition	/intervals/trials	47	cv_transition_time	n/a	n/a	n/a	n/a	daa	105.5070704	47	true	105.4862593	106.0455576
106.8218116	0.5915554999999983	trials	/intervals/trials	48	start_time	n/a	n/a	n/a	n/a	gaa	106.8925694	48	true	106.8218116	107.4133671
106.8925694	0.0	cv_transition	/intervals/trials	48	cv_transition_time	n/a	n/a	n/a	n/a	gaa	106.8925694	48	true	106.8218116	107.4133671
108.1828575	0.5421292000000051	trials	/intervals/trials	49	start_time	n/a	n/a	n/a	n/a	paa	108.2317636	49	true	108.1828575	108.7249867
108.2317636	0.0	cv_transition	/intervals/trials	49	cv_transition_time	n/a	n/a	n/a	n/a	paa	108.2317636	49	true	108.1828575	108.7249867
109.6229856	0.5213179999999937	trials	/intervals/trials	50	start_time	n/a	n/a	n/a	n/a	taa	109.6568036	50	true	109.6229856	110.1443036
109.6568036	0.0	cv_transition	/intervals/trials	50	cv_transition_time	n/a	n/a	n/a	n/a	taa	109.6568036	50	true	109.6229856	110.1443036
110.9111926	0.5296424999999942	trials	/intervals/trials	51	start_time	n/a	n/a	n/a	n/a	kaa	110.9788287	51	true	110.9111926	111.4408351
110.9788287	0.0	cv_transition	/intervals/trials	51	cv_transition_time	n/a	n/a	n/a	n/a	kaa	110.9788287	51	true	110.9111926	111.4408351
112.2566302	0.5811498999999998	trials	/intervals/trials	52	start_time	n/a	n/a	n/a	n/a	maa	112.3835779	52	true	112.2566302	112.8377801
112.3835779	0.0	cv_transition	/intervals/trials	52	cv_transition_time	n/a	n/a	n/a	n/a	maa	112.3835779	52	true	112.2566302	112.8377801
113.7597118	0.5931163999999995	trials	/intervals/trials	53	start_time	n/a	n/a	n/a	n/a	naa	113.8351521	53	true	113.7597118	114.3528282
113.8351521	0.0	cv_transition	/intervals/trials	53	cv_transition_time	n/a	n/a	n/a	n/a	naa	113.8351521	53	true	113.7597118	114.3528282
115.2810032	0.7325507000000044	trials	/intervals/trials	54	start_time	n/a	n/a	n/a	n/a	shaa	115.4995197	54	true	115.2810032	116.0135539
115.4995197	0.0	cv_transition	/intervals/trials	54	cv_transition_time	n/a	n/a	n/a	n/a	shaa	115.4995197	54	true	115.2810032	116.0135539
116.8069771	0.6924893000000054	trials	/intervals/trials	55	start_time	n/a	n/a	n/a	n/a	saa	117.0192503	55	true	116.8069771	117.4994664
117.0192503	0.0	cv_transition	/intervals/trials	55	cv_transition_time	n/a	n/a	n/a	n/a	saa	117.0192503	55	true	116.8069771	117.4994664
119.7470651	0.6269343999999961	trials	/intervals/trials	56	start_time	n/a	n/a	n/a	n/a	haa	119.9197972	56	true	119.7470651	120.3739995
119.9197972	0.0	cv_transition	/intervals/trials	56	cv_transition_time	n/a	n/a	n/a	n/a	haa	119.9197972	56	true	119.7470651	120.3739995
121.4083111	0.667515999999992	trials	/intervals/trials	57	start_time	n/a	n/a	n/a	n/a	vaa	121.5368196	57	true	121.4083111	122.0758271
121.5368196	0.0	cv_transition	/intervals/trials	57	cv_transition_time	n/a	n/a	n/a	n/a	vaa	121.5368196	57	true	121.4083111	122.0758271
126.3348186	0.6014406999999977	trials	/intervals/trials	58	start_time	n/a	n/a	n/a	n/a	haa	126.5491729	58	true	126.3348186	126.9362593
126.5491729	0.0	cv_transition	/intervals/trials	58	cv_transition_time	n/a	n/a	n/a	n/a	haa	126.5491729	58	true	126.3348186	126.9362593
127.79992	0.5069369000000137	trials	/intervals/trials	59	start_time	n/a	n/a	n/a	n/a	vaa	127.8997547	59	true	127.79992	128.3068569
127.8997547	0.0	cv_transition	/intervals/trials	59	cv_transition_time	n/a	n/a	n/a	n/a	vaa	127.8997547	59	true	127.79992	128.3068569
129.1703308	0.4947839000000158	trials	/intervals/trials	60	start_time	n/a	n/a	n/a	n/a	laa	129.2882099	60	true	129.1703308	129.6651147
129.2882099	0.0	cv_transition	/intervals/trials	60	cv_transition_time	n/a	n/a	n/a	n/a	laa	129.2882099	60	true	129.1703308	129.6651147
130.4871531	0.4786552999999856	trials	/intervals/trials	61	start_time	n/a	n/a	n/a	n/a	laa	130.5828842	61	true	130.4871531	130.9658084
130.5828842	0.0	cv_transition	/intervals/trials	61	cv_transition_time	n/a	n/a	n/a	n/a	laa	130.5828842	61	true	130.4871531	130.9658084
131.7904482	0.5582578000000069	trials	/intervals/trials	62	start_time	n/a	n/a	n/a	n/a	yaa	131.8866996	62	true	131.7904482	132.348706
131.8866996	0.0	cv_transition	/intervals/trials	62	cv_transition_time	n/a	n/a	n/a	n/a	yaa	131.8866996	62	true	131.7904482	132.348706
133.1280816	0.5717850000000055	trials	/intervals/trials	63	start_time	n/a	n/a	n/a	n/a	waa	133.2232359	63	true	133.1280816	133.6998666
133.2232359	0.0	cv_transition	/intervals/trials	63	cv_transition_time	n/a	n/a	n/a	n/a	waa	133.2232359	63	true	133.1280816	133.6998666
134.6150347	0.4812567000000172	trials	/intervals/trials	64	start_time	n/a	n/a	n/a	n/a	bee	134.6322038	64	true	134.6150347	135.0962914
134.6322038	0.0	cv_transition	/intervals/trials	64	cv_transition_time	n/a	n/a	n/a	n/a	bee	134.6322038	64	true	134.6150347	135.0962914
135.8912753	0.5431697000000213	trials	/intervals/trials	65	start_time	n/a	n/a	n/a	n/a	dee	135.9204109	65	true	135.8912753	136.434445
135.9204109	0.0	cv_transition	/intervals/trials	65	cv_transition_time	n/a	n/a	n/a	n/a	dee	135.9204109	65	true	135.8912753	136.434445
137.1992529	0.5488928000000044	trials	/intervals/trials	66	start_time	n/a	n/a	n/a	n/a	gee	137.3229938	66	true	137.1992529	137.7481457
137.3229938	0.0	cv_transition	/intervals/trials	66	cv_transition_time	n/a	n/a	n/a	n/a	gee	137.3229938	66	true	137.1992529	137.7481457
138.5545758	0.5171557999999834	trials	/intervals/trials	67	start_time	n/a	n/a	n/a	n/a	pee	138.5977588	67	true	138.5545758	139.0717316
138.5977588	0.0	cv_transition	/intervals/trials	67	cv_transition_time	n/a	n/a	n/a	n/a	pee	138.5977588	67	true	138.5545758	139.0717316
139.9046958	0.49530419999999253	trials	/intervals/trials	68	start_time	n/a	n/a	n/a	n/a	tee	139.9489194	68	true	139.9046958	140.4
139.9489194	0.0	cv_transition	/intervals/trials	68	cv_transition_time	n/a	n/a	n/a	n/a	tee	139.9489194	68	true	139.9046958	140.4
141.1476387	0.5686633000000256	trials	/intervals/trials	69	start_time	n/a	n/a	n/a	n/a	kee	141.2126734	69	true	141.1476387	141.716302
141.2126734	0.0	cv_transition	/intervals/trials	69	cv_transition_time	n/a	n/a	n/a	n/a	kee	141.2126734	69	true	141.1476387	141.716302
142.4785085	0.508311099999986	trials	/intervals/trials	70	start_time	n/a	n/a	n/a	n/a	mee	142.5539488	70	true	142.4785085	142.9868196
142.5539488	0.0	cv_transition	/intervals/trials	70	cv_transition_time	n/a	n/a	n/a	n/a	mee	142.5539488	70	true	142.4785085	142.9868196
143.698039	0.5702241000000186	trials	/intervals/trials	71	start_time	n/a	n/a	n/a	n/a	nee	143.8223853	71	true	143.698039	144.2682631
143.8223853	0.0	cv_transition	/intervals/trials	71	cv_transition_time	n/a	n/a	n/a	n/a	nee	143.8223853	71	true	143.698039	144.2682631
144.8899947	0.7049760000000163	trials	/intervals/trials	72	start_time	n/a	n/a	n/a	n/a	shee	145.1121531	72	true	144.8899947	145.5949707
145.1121531	0.0	cv_transition	/intervals/trials	72	cv_transition_time	n/a	n/a	n/a	n/a	shee	145.1121531	72	true	144.8899947	145.5949707
146.1854856	0.7247465000000091	trials	/intervals/trials	73	start_time	n/a	n/a	n/a	n/a	see	146.4310566	73	true	146.1854856	146.9102321
146.4310566	0.0	cv_transition	/intervals/trials	73	cv_transition_time	n/a	n/a	n/a	n/a	see	146.4310566	73	true	146.1854856	146.9102321
148.8831243	0.6482658000000185	trials	/intervals/trials	74	start_time	n/a	n/a	n/a	n/a	hee	149.0064301	74	true	148.8831243	149.5313901
149.0064301	0.0	cv_transition	/intervals/trials	74	cv_transition_time	n/a	n/a	n/a	n/a	hee	149.0064301	74	true	148.8831243	149.5313901
150.721785	0.633177599999982	trials	/intervals/trials	75	start_time	n/a	n/a	n/a	n/a	vee	150.8580977	75	true	150.721785	151.3549626
150.8580977	0.0	cv_transition	/intervals/trials	75	cv_transition_time	n/a	n/a	n/a	n/a	vee	150.8580977	75	true	150.721785	151.3549626
152.6749066	0.6097651999999982	trials	/intervals/trials	76	start_time	n/a	n/a	n/a	n/a	ree	152.8063726	76	true	152.6749066	153.2846718
152.8063726	0.0	cv_transition	/intervals/trials	76	cv_transition_time	n/a	n/a	n/a	n/a	ree	152.8063726	76	true	152.6749066	153.2846718
154.3360266	0.5843976000000168	trials	/intervals/trials	77	start_time	n/a	n/a	n/a	n/a	lee	154.3959292	77	true	154.3360266	154.9204242
154.3959292	0.0	cv_transition	/intervals/trials	77	cv_transition_time	n/a	n/a	n/a	n/a	lee	154.3959292	77	true	154.3360266	154.9204242
157.7856777	0.5633751000000018	trials	/intervals/trials	78	start_time	n/a	n/a	n/a	n/a	wee	157.8674237	78	true	157.7856777	158.3490528
157.8674237	0.0	cv_transition	/intervals/trials	78	cv_transition_time	n/a	n/a	n/a	n/a	wee	157.8674237	78	true	157.7856777	158.3490528
159.5119239	0.4609958000000063	trials	/intervals/trials	79	start_time	n/a	n/a	n/a	n/a	boo	159.5691278	79	true	159.5119239	159.9729197
159.5691278	0.0	cv_transition	/intervals/trials	79	cv_transition_time	n/a	n/a	n/a	n/a	boo	159.5691278	79	true	159.5119239	159.9729197
161.0934421	0.4731094999999925	trials	/intervals/trials	80	start_time	n/a	n/a	n/a	n/a	doo	161.1116127	80	true	161.0934421	161.5665516
161.1116127	0.0	cv_transition	/intervals/trials	80	cv_transition_time	n/a	n/a	n/a	n/a	doo	161.1116127	80	true	161.0934421	161.5665516
162.4596046	0.4899341999999933	trials	/intervals/trials	81	start_time	n/a	n/a	n/a	n/a	goo	162.5094056	81	true	162.4596046	162.9495388
162.5094056	0.0	cv_transition	/intervals/trials	81	cv_transition_time	n/a	n/a	n/a	n/a	goo	162.5094056	81	true	162.4596046	162.9495388
165.4961195	0.5249295000000131	trials	/intervals/trials	82	start_time	n/a	n/a	n/a	n/a	too	165.5627452	82	true	165.4961195	166.021049
165.5627452	0.0	cv_transition	/intervals/trials	82	cv_transition_time	n/a	n/a	n/a	n/a	too	165.5627452	82	true	165.4961195	166.021049
167.1180169	0.5780954000000236	trials	/intervals/trials	83	start_time	n/a	n/a	n/a	n/a	koo	167.214254	83	true	167.1180169	167.6961123
167.214254	0.0	cv_transition	/intervals/trials	83	cv_transition_time	n/a	n/a	n/a	n/a	koo	167.214254	83	true	167.1180169	167.6961123
170.9500018	0.5101237000000083	trials	/intervals/trials	84	start_time	n/a	n/a	n/a	n/a	noo	170.991727	84	true	170.9500018	171.4601255
170.991727	0.0	cv_transition	/intervals/trials	84	cv_transition_time	n/a	n/a	n/a	n/a	noo	170.991727	84	true	170.9500018	171.4601255
172.2866944	0.687756300000018	trials	/intervals/trials	85	start_time	n/a	n/a	n/a	n/a	shoo	172.4934255	85	true	172.2866944	172.9744507
172.4934255	0.0	cv_transition	/intervals/trials	85	cv_transition_time	n/a	n/a	n/a	n/a	shoo	172.4934255	85	true	172.2866944	172.9744507
173.9185997	0.6213481999999999	trials	/intervals/trials	86	start_time	n/a	n/a	n/a	n/a	soo	174.1230209	86	true	173.9185997	174.5399479
174.1230209	0.0	cv_transition	/intervals/trials	86	cv_transition_time	n/a	n/a	n/a	n/a	soo	174.1230209	86	true	173.9185997	174.5399479
176.9572003	0.5630246999999997	trials	/intervals/trials	87	start_time	n/a	n/a	n/a	n/a	hoo	177.0755799	87	true	176.9572003	177.520225
177.0755799	0.0	cv_transition	/intervals/trials	87	cv_transition_time	n/a	n/a	n/a	n/a	hoo	177.0755799	87	true	176.9572003	177.520225
181.2685254	0.5451234000000227	trials	/intervals/trials	88	start_time	n/a	n/a	n/a	n/a	roo	181.3820208	88	true	181.2685254	181.8136488
181.3820208	0.0	cv_transition	/intervals/trials	88	cv_transition_time	n/a	n/a	n/a	n/a	roo	181.3820208	88	true	181.2685254	181.8136488
183.1695276	0.5843907000000002	trials	/intervals/trials	89	start_time	n/a	n/a	n/a	n/a	loo	183.3150478	89	true	183.1695276	183.7539183
183.3150478	0.0	cv_transition	/intervals/trials	89	cv_transition_time	n/a	n/a	n/a	n/a	loo	183.3150478	89	true	183.1695276	183.7539183
184.991995	0.5381937999999877	trials	/intervals/trials	90	start_time	n/a	n/a	n/a	n/a	yoo	185.1207689	90	true	184.991995	185.5301888
185.1207689	0.0	cv_transition	/intervals/trials	90	cv_transition_time	n/a	n/a	n/a	n/a	yoo	185.1207689	90	true	184.991995	185.5301888
187.1095451	0.5116306000000179	trials	/intervals/trials	91	start_time	n/a	n/a	n/a	n/a	woo	187.1961643	91	true	187.1095451	187.6211757
187.1961643	0.0	cv_transition	/intervals/trials	91	cv_transition_time	n/a	n/a	n/a	n/a	woo	187.1961643	91	true	187.1095451	187.6211757
191.2614909	0.4885321999999803	trials	/intervals/trials	92	start_time	n/a	n/a	n/a	n/a	daa	191.2747725	92	true	191.2614909	191.7500231
191.2747725	0.0	cv_transition	/intervals/trials	92	cv_transition_time	n/a	n/a	n/a	n/a	daa	191.2747725	92	true	191.2614909	191.7500231
193.1982957	0.5174052000000131	trials	/intervals/trials	93	start_time	n/a	n/a	n/a	n/a	gaa	193.2491123	93	true	193.1982957	193.7157009
193.2491123	0.0	cv_transition	/intervals/trials	93	cv_transition_time	n/a	n/a	n/a	n/a	gaa	193.2491123	93	true	193.1982957	193.7157009
196.7554565	0.5127854999999784	trials	/intervals/trials	94	start_time	n/a	n/a	n/a	n/a	taa	196.7860619	94	true	196.7554565	197.268242
196.7860619	0.0	cv_transition	/intervals/trials	94	cv_transition_time	n/a	n/a	n/a	n/a	taa	196.7860619	94	true	196.7554565	197.268242
198.4150799	0.5318417000000011	trials	/intervals/trials	95	start_time	n/a	n/a	n/a	n/a	kaa	198.4930371	95	true	198.4150799	198.9469216
198.4930371	0.0	cv_transition	/intervals/trials	95	cv_transition_time	n/a	n/a	n/a	n/a	kaa	198.4930371	95	true	198.4150799	198.9469216
200.0048305	0.5670669000000146	trials	/intervals/trials	96	start_time	n/a	n/a	n/a	n/a	maa	200.0827877	96	true	200.0048305	200.5718974
200.0827877	0.0	cv_transition	/intervals/trials	96	cv_transition_time	n/a	n/a	n/a	n/a	maa	200.0827877	96	true	200.0048305	200.5718974
201.7816785	0.5624472000000083	trials	/intervals/trials	97	start_time	n/a	n/a	n/a	n/a	naa	201.8688751	97	true	201.7816785	202.3441257
201.8688751	0.0	cv_transition	/intervals/trials	97	cv_transition_time	n/a	n/a	n/a	n/a	naa	201.8688751	97	true	201.7816785	202.3441257
203.343711	0.70912229999999	trials	/intervals/trials	98	start_time	n/a	n/a	n/a	n/a	shaa	203.5521744	98	true	203.343711	204.0528333
203.5521744	0.0	cv_transition	/intervals/trials	98	cv_transition_time	n/a	n/a	n/a	n/a	shaa	203.5521744	98	true	203.343711	204.0528333
205.0766719	0.666390199999995	trials	/intervals/trials	99	start_time	n/a	n/a	n/a	n/a	saa	205.2360512	99	true	205.0766719	205.7430621
205.2360512	0.0	cv_transition	/intervals/trials	99	cv_transition_time	n/a	n/a	n/a	n/a	saa	205.2360512	99	true	205.0766719	205.7430621
208.4247918	0.522024899999991	trials	/intervals/trials	100	start_time	n/a	n/a	n/a	n/a	haa	208.5529882	100	true	208.4247918	208.9468167
208.5529882	0.0	cv_transition	/intervals/trials	100	cv_transition_time	n/a	n/a	n/a	n/a	haa	208.5529882	100	true	208.4247918	208.9468167
210.2559211	0.5578275000000019	trials	/intervals/trials	101	start_time	n/a	n/a	n/a	n/a	vaa	210.3719908	101	true	210.2559211	210.8137486
210.3719908	0.0	cv_transition	/intervals/trials	101	cv_transition_time	n/a	n/a	n/a	n/a	vaa	210.3719908	101	true	210.2559211	210.8137486
211.9519246	0.5820808	trials	/intervals/trials	102	start_time	n/a	n/a	n/a	n/a	raa	212.0991772	102	true	211.9519246	212.5340054
212.0991772	0.0	cv_transition	/intervals/trials	102	cv_transition_time	n/a	n/a	n/a	n/a	raa	212.0991772	102	true	211.9519246	212.5340054
213.5445625	0.606334199999992	trials	/intervals/trials	103	start_time	n/a	n/a	n/a	n/a	laa	213.730505	103	true	213.5445625	214.1508967
213.730505	0.0	cv_transition	/intervals/trials	103	cv_transition_time	n/a	n/a	n/a	n/a	laa	213.730505	103	true	213.5445625	214.1508967
215.3462413	0.6288552000000038	trials	/intervals/trials	104	start_time	n/a	n/a	n/a	n/a	yaa	215.479399	104	true	215.3462413	215.9750965
215.479399	0.0	cv_transition	/intervals/trials	104	cv_transition_time	n/a	n/a	n/a	n/a	yaa	215.479399	104	true	215.3462413	215.9750965
220.7120105	0.5168278000000157	trials	/intervals/trials	105	start_time	n/a	n/a	n/a	n/a	dee	220.727602	105	true	220.7120105	221.2288383
220.727602	0.0	cv_transition	/intervals/trials	105	cv_transition_time	n/a	n/a	n/a	n/a	dee	220.727602	105	true	220.7120105	221.2288383
222.2491238	0.5111414999999795	trials	/intervals/trials	106	start_time	n/a	n/a	n/a	n/a	gee	222.2854678	106	true	222.2491238	222.7602653
222.2854678	0.0	cv_transition	/intervals/trials	106	cv_transition_time	n/a	n/a	n/a	n/a	gee	222.2854678	106	true	222.2491238	222.7602653
223.662513	0.5702783000000125	trials	/intervals/trials	107	start_time	n/a	n/a	n/a	n/a	pee	223.7246254	107	true	223.662513	224.2327913
223.7246254	0.0	cv_transition	/intervals/trials	107	cv_transition_time	n/a	n/a	n/a	n/a	pee	223.7246254	107	true	223.662513	224.2327913
225.2589397	0.522024899999991	trials	/intervals/trials	108	start_time	n/a	n/a	n/a	n/a	tee	225.3022493	108	true	225.2589397	225.7809646
225.3022493	0.0	cv_transition	/intervals/trials	108	cv_transition_time	n/a	n/a	n/a	n/a	tee	225.3022493	108	true	225.2589397	225.7809646
226.8371411	0.6022920000000056	trials	/intervals/trials	109	start_time	n/a	n/a	n/a	n/a	kee	226.9179857	109	true	226.8371411	227.4394331
226.9179857	0.0	cv_transition	/intervals/trials	109	cv_transition_time	n/a	n/a	n/a	n/a	kee	226.9179857	109	true	226.8371411	227.4394331
230.0276141	0.5693766999999923	trials	/intervals/trials	110	start_time	n/a	n/a	n/a	n/a	nee	230.1298247	110	true	230.0276141	230.5969908
230.1298247	0.0	cv_transition	/intervals/trials	110	cv_transition_time	n/a	n/a	n/a	n/a	nee	230.1298247	110	true	230.0276141	230.5969908
231.5353652	0.6854463999999894	trials	/intervals/trials	111	start_time	n/a	n/a	n/a	n/a	shee	231.7519131	111	true	231.5353652	232.2208116
231.7519131	0.0	cv_transition	/intervals/trials	111	cv_transition_time	n/a	n/a	n/a	n/a	shee	231.7519131	111	true	231.5353652	232.2208116
233.1095243	0.7628262000000063	trials	/intervals/trials	112	start_time	n/a	n/a	n/a	n/a	see	233.3480158	112	true	233.1095243	233.8723505
233.3480158	0.0	cv_transition	/intervals/trials	112	cv_transition_time	n/a	n/a	n/a	n/a	see	233.3480158	112	true	233.1095243	233.8723505
236.3202084	0.6444466999999747	trials	/intervals/trials	113	start_time	n/a	n/a	n/a	n/a	hee	236.4437851	113	true	236.3202084	236.9646551
236.4437851	0.0	cv_transition	/intervals/trials	113	cv_transition_time	n/a	n/a	n/a	n/a	hee	236.4437851	113	true	236.3202084	236.9646551
237.9809867	0.5791936000000248	trials	/intervals/trials	114	start_time	n/a	n/a	n/a	n/a	vee	238.1086057	114	true	237.9809867	238.5601803
238.1086057	0.0	cv_transition	/intervals/trials	114	cv_transition_time	n/a	n/a	n/a	n/a	vee	238.1086057	114	true	237.9809867	238.5601803
239.7358912	0.5329967000000124	trials	/intervals/trials	115	start_time	n/a	n/a	n/a	n/a	ree	239.8363695	115	true	239.7358912	240.2688879
239.8363695	0.0	cv_transition	/intervals/trials	115	cv_transition_time	n/a	n/a	n/a	n/a	ree	239.8363695	115	true	239.7358912	240.2688879
241.3123602	0.599404700000008	trials	/intervals/trials	116	start_time	n/a	n/a	n/a	n/a	lee	241.4300325	116	true	241.3123602	241.9117649
241.4300325	0.0	cv_transition	/intervals/trials	116	cv_transition_time	n/a	n/a	n/a	n/a	lee	241.4300325	116	true	241.3123602	241.9117649
242.9176121	0.5579922999999951	trials	/intervals/trials	117	start_time	n/a	n/a	n/a	n/a	yee	243.0317122	117	true	242.9176121	243.4756044
243.0317122	0.0	cv_transition	/intervals/trials	117	cv_transition_time	n/a	n/a	n/a	n/a	yee	243.0317122	117	true	242.9176121	243.4756044
244.438735	0.6115313999999898	trials	/intervals/trials	118	start_time	n/a	n/a	n/a	n/a	wee	244.520157	118	true	244.438735	245.0502664
244.520157	0.0	cv_transition	/intervals/trials	118	cv_transition_time	n/a	n/a	n/a	n/a	wee	244.520157	118	true	244.438735	245.0502664
247.6523064	0.4873772000000258	trials	/intervals/trials	119	start_time	n/a	n/a	n/a	n/a	doo	247.6840667	119	true	247.6523064	248.1396836
247.6840667	0.0	cv_transition	/intervals/trials	119	cv_transition_time	n/a	n/a	n/a	n/a	doo	247.6840667	119	true	247.6523064	248.1396836
249.1958601	0.525489599999986	trials	/intervals/trials	120	start_time	n/a	n/a	n/a	n/a	goo	249.2443668	120	true	249.1958601	249.7213497
249.2443668	0.0	cv_transition	/intervals/trials	120	cv_transition_time	n/a	n/a	n/a	n/a	goo	249.2443668	120	true	249.1958601	249.7213497
252.0883631	0.5405035999999939	trials	/intervals/trials	121	start_time	n/a	n/a	n/a	n/a	too	252.1790245	121	true	252.0883631	252.6288667
252.1790245	0.0	cv_transition	/intervals/trials	121	cv_transition_time	n/a	n/a	n/a	n/a	too	252.1790245	121	true	252.0883631	252.6288667
253.6682968	0.5376163999999903	trials	/intervals/trials	122	start_time	n/a	n/a	n/a	n/a	koo	253.7647328	122	true	253.6682968	254.2059132
253.7647328	0.0	cv_transition	/intervals/trials	122	cv_transition_time	n/a	n/a	n/a	n/a	koo	253.7647328	122	true	253.6682968	254.2059132
255.0703725	0.5208700000000022	trials	/intervals/trials	123	start_time	n/a	n/a	n/a	n/a	moo	255.174893	123	true	255.0703725	255.5912425
255.174893	0.0	cv_transition	/intervals/trials	123	cv_transition_time	n/a	n/a	n/a	n/a	moo	255.174893	123	true	255.0703725	255.5912425
256.4880397	0.5832358000000113	trials	/intervals/trials	124	start_time	n/a	n/a	n/a	n/a	noo	256.6110389	124	true	256.4880397	257.0712755
256.6110389	0.0	cv_transition	/intervals/trials	124	cv_transition_time	n/a	n/a	n/a	n/a	noo	256.6110389	124	true	256.4880397	257.0712755
257.852003	0.713164499999948	trials	/intervals/trials	125	start_time	n/a	n/a	n/a	n/a	shoo	258.0956916	125	true	257.852003	258.5651675
258.0956916	0.0	cv_transition	/intervals/trials	125	cv_transition_time	n/a	n/a	n/a	n/a	shoo	258.0956916	125	true	257.852003	258.5651675
259.3822751	0.6386719999999855	trials	/intervals/trials	126	start_time	n/a	n/a	n/a	n/a	soo	259.56995	126	true	259.3822751	260.0209471
259.56995	0.0	cv_transition	/intervals/trials	126	cv_transition_time	n/a	n/a	n/a	n/a	soo	259.56995	126	true	259.3822751	260.0209471
263.0428014	0.5624472000000083	trials	/intervals/trials	127	start_time	n/a	n/a	n/a	n/a	hoo	263.1733077	127	true	263.0428014	263.6052486
263.1733077	0.0	cv_transition	/intervals/trials	127	cv_transition_time	n/a	n/a	n/a	n/a	hoo	263.1733077	127	true	263.0428014	263.6052486
266.3014148	0.5197151000000417	trials	/intervals/trials	128	start_time	n/a	n/a	n/a	n/a	roo	266.4111324	128	true	266.3014148	266.8211299
266.4111324	0.0	cv_transition	/intervals/trials	128	cv_transition_time	n/a	n/a	n/a	n/a	roo	266.4111324	128	true	266.3014148	266.8211299
267.8068561	0.5485881000000177	trials	/intervals/trials	129	start_time	n/a	n/a	n/a	n/a	loo	267.9373623	129	true	267.8068561	268.3554442
267.9373623	0.0	cv_transition	/intervals/trials	129	cv_transition_time	n/a	n/a	n/a	n/a	loo	267.9373623	129	true	267.8068561	268.3554442
269.3700435	0.6392495000000054	trials	/intervals/trials	130	start_time	n/a	n/a	n/a	n/a	yoo	269.5219157	130	true	269.3700435	270.009293
269.5219157	0.0	cv_transition	/intervals/trials	130	cv_transition_time	n/a	n/a	n/a	n/a	yoo	269.5219157	130	true	269.3700435	270.009293
271.0325542	0.5485881000000177	trials	/intervals/trials	131	start_time	n/a	n/a	n/a	n/a	woo	271.1509337	131	true	271.0325542	271.5811423
271.1509337	0.0	cv_transition	/intervals/trials	131	cv_transition_time	n/a	n/a	n/a	n/a	woo	271.1509337	131	true	271.0325542	271.5811423
272.6454032	0.45041969999999765	trials	/intervals/trials	132	start_time	n/a	n/a	n/a	n/a	baa	272.6529102	132	true	272.6454032	273.0958229
272.6529102	0.0	cv_transition	/intervals/trials	132	cv_transition_time	n/a	n/a	n/a	n/a	baa	272.6529102	132	true	272.6454032	273.0958229
274.3275476	0.44522249999999985	trials	/intervals/trials	133	start_time	n/a	n/a	n/a	n/a	daa	274.3408292	133	true	274.3275476	274.7727701
274.3408292	0.0	cv_transition	/intervals/trials	133	cv_transition_time	n/a	n/a	n/a	n/a	daa	274.3408292	133	true	274.3275476	274.7727701
275.7745459	0.48980639999996356	trials	/intervals/trials	134	start_time	n/a	n/a	n/a	n/a	gaa	275.7891018	134	true	275.7745459	276.2643523
275.7891018	0.0	cv_transition	/intervals/trials	134	cv_transition_time	n/a	n/a	n/a	n/a	gaa	275.7891018	134	true	275.7745459	276.2643523
277.1963747	0.5093207000000461	trials	/intervals/trials	135	start_time	n/a	n/a	n/a	n/a	paa	277.213121	135	true	277.1963747	277.7056954
277.213121	0.0	cv_transition	/intervals/trials	135	cv_transition_time	n/a	n/a	n/a	n/a	paa	277.213121	135	true	277.1963747	277.7056954
278.5805491	0.518560100000002	trials	/intervals/trials	136	start_time	n/a	n/a	n/a	n/a	taa	278.6088447	136	true	278.5805491	279.0991092
278.6088447	0.0	cv_transition	/intervals/trials	136	cv_transition_time	n/a	n/a	n/a	n/a	taa	278.6088447	136	true	278.5805491	279.0991092
280.0883002	0.5283770000000345	trials	/intervals/trials	137	start_time	n/a	n/a	n/a	n/a	kaa	280.1408492	137	true	280.0883002	280.6166772
280.1408492	0.0	cv_transition	/intervals/trials	137	cv_transition_time	n/a	n/a	n/a	n/a	kaa	280.1408492	137	true	280.0883002	280.6166772
281.5076997	0.5768838000000187	trials	/intervals/trials	138	start_time	n/a	n/a	n/a	n/a	maa	281.6162624	138	true	281.5076997	282.0845835
281.6162624	0.0	cv_transition	/intervals/trials	138	cv_transition_time	n/a	n/a	n/a	n/a	maa	281.6162624	138	true	281.5076997	282.0845835
283.0189156	0.5607147999999711	trials	/intervals/trials	139	start_time	n/a	n/a	n/a	n/a	naa	283.1332529	139	true	283.0189156	283.5796304
283.1332529	0.0	cv_transition	/intervals/trials	139	cv_transition_time	n/a	n/a	n/a	n/a	naa	283.1332529	139	true	283.0189156	283.5796304
284.4025126	0.6490662999999586	trials	/intervals/trials	140	start_time	n/a	n/a	n/a	n/a	shaa	284.6086662	140	true	284.4025126	285.0515789
284.6086662	0.0	cv_transition	/intervals/trials	140	cv_transition_time	n/a	n/a	n/a	n/a	shaa	284.6086662	140	true	284.4025126	285.0515789
285.8796582	0.6288552999999979	trials	/intervals/trials	141	start_time	n/a	n/a	n/a	n/a	saa	286.0690655	141	true	285.8796582	286.5085135
286.0690655	0.0	cv_transition	/intervals/trials	141	cv_transition_time	n/a	n/a	n/a	n/a	saa	286.0690655	141	true	285.8796582	286.5085135
288.9563714	0.5555175999999733	trials	/intervals/trials	142	start_time	n/a	n/a	n/a	n/a	haa	289.1446237	142	true	288.9563714	289.511889
289.1446237	0.0	cv_transition	/intervals/trials	142	cv_transition_time	n/a	n/a	n/a	n/a	haa	289.1446237	142	true	288.9563714	289.511889
290.7072336	0.5341516000000297	trials	/intervals/trials	143	start_time	n/a	n/a	n/a	n/a	vaa	290.7776839	143	true	290.7072336	291.2413852
290.7776839	0.0	cv_transition	/intervals/trials	143	cv_transition_time	n/a	n/a	n/a	n/a	vaa	290.7776839	143	true	290.7072336	291.2413852
292.3870682	0.5491655000000151	trials	/intervals/trials	144	start_time	n/a	n/a	n/a	n/a	raa	292.5556868	144	true	292.3870682	292.9362337
292.5556868	0.0	cv_transition	/intervals/trials	144	cv_transition_time	n/a	n/a	n/a	n/a	raa	292.5556868	144	true	292.3870682	292.9362337
294.0553535	0.6132637000000045	trials	/intervals/trials	145	start_time	n/a	n/a	n/a	n/a	laa	294.1696908	145	true	294.0553535	294.6686172
294.1696908	0.0	cv_transition	/intervals/trials	145	cv_transition_time	n/a	n/a	n/a	n/a	laa	294.1696908	145	true	294.0553535	294.6686172
295.7784976	0.5612922000000253	trials	/intervals/trials	146	start_time	n/a	n/a	n/a	n/a	yaa	295.8859054	146	true	295.7784976	296.3397898
295.8859054	0.0	cv_transition	/intervals/trials	146	cv_transition_time	n/a	n/a	n/a	n/a	yaa	295.8859054	146	true	295.7784976	296.3397898
297.5357119	0.49892649999998184	trials	/intervals/trials	147	start_time	n/a	n/a	n/a	n/a	waa	297.6194438	147	true	297.5357119	298.0346384
297.6194438	0.0	cv_transition	/intervals/trials	147	cv_transition_time	n/a	n/a	n/a	n/a	waa	297.6194438	147	true	297.5357119	298.0346384
299.5175587	0.48564479999998866	trials	/intervals/trials	148	start_time	n/a	n/a	n/a	n/a	bee	299.5377698	148	true	299.5175587	300.0032035
299.5377698	0.0	cv_transition	/intervals/trials	148	cv_transition_time	n/a	n/a	n/a	n/a	bee	299.5377698	148	true	299.5175587	300.0032035
301.5438699	0.4463774999999828	trials	/intervals/trials	149	start_time	n/a	n/a	n/a	n/a	dee	301.5687007	149	true	301.5438699	301.9902474
301.5687007	0.0	cv_transition	/intervals/trials	149	cv_transition_time	n/a	n/a	n/a	n/a	dee	301.5687007	149	true	301.5438699	301.9902474
303.2675915	0.6467565000000377	trials	/intervals/trials	150	start_time	n/a	n/a	n/a	n/a	kee	303.3975202	150	true	303.2675915	303.914348
303.3975202	0.0	cv_transition	/intervals/trials	150	cv_transition_time	n/a	n/a	n/a	n/a	kee	303.3975202	150	true	303.2675915	303.914348
307.1452432	0.5433910000000424	trials	/intervals/trials	151	start_time	n/a	n/a	n/a	n/a	tee	307.1868204	151	true	307.1452432	307.6886342
307.1868204	0.0	cv_transition	/intervals/trials	151	cv_transition_time	n/a	n/a	n/a	n/a	tee	307.1868204	151	true	307.1452432	307.6886342
308.9399925	0.5907427999999868	trials	/intervals/trials	152	start_time	n/a	n/a	n/a	n/a	kee	309.0214146	152	true	308.9399925	309.5307353
309.0214146	0.0	cv_transition	/intervals/trials	152	cv_transition_time	n/a	n/a	n/a	n/a	kee	309.0214146	152	true	308.9399925	309.5307353
310.6608268	0.7073899000000097	trials	/intervals/trials	153	start_time	n/a	n/a	n/a	n/a	mee	310.8381074	153	true	310.6608268	311.3682167
310.8381074	0.0	cv_transition	/intervals/trials	153	cv_transition_time	n/a	n/a	n/a	n/a	mee	310.8381074	153	true	310.6608268	311.3682167
312.4671253	0.582658399999957	trials	/intervals/trials	154	start_time	n/a	n/a	n/a	n/a	nee	312.5837725	154	true	312.4671253	313.0497837
312.5837725	0.0	cv_transition	/intervals/trials	154	cv_transition_time	n/a	n/a	n/a	n/a	nee	312.5837725	154	true	312.4671253	313.0497837
314.0031721	0.7362629000000425	trials	/intervals/trials	155	start_time	n/a	n/a	n/a	n/a	shee	314.2283819	155	true	314.0031721	314.739435
314.2283819	0.0	cv_transition	/intervals/trials	155	cv_transition_time	n/a	n/a	n/a	n/a	shee	314.2283819	155	true	314.0031721	314.739435
315.7667385	0.7247137000000521	trials	/intervals/trials	156	start_time	n/a	n/a	n/a	n/a	see	316.0058074	156	true	315.7667385	316.4914522
316.0058074	0.0	cv_transition	/intervals/trials	156	cv_transition_time	n/a	n/a	n/a	n/a	see	316.0058074	156	true	315.7667385	316.4914522
318.9549016	0.5711090999999442	trials	/intervals/trials	157	start_time	n/a	n/a	n/a	n/a	hee	319.0998443	157	true	318.9549016	319.5260107
319.0998443	0.0	cv_transition	/intervals/trials	157	cv_transition_time	n/a	n/a	n/a	n/a	hee	319.0998443	157	true	318.9549016	319.5260107
320.665919	0.6352073000000473	trials	/intervals/trials	158	start_time	n/a	n/a	n/a	n/a	vee	320.8322677	158	true	320.665919	321.3011263
320.8322677	0.0	cv_transition	/intervals/trials	158	cv_transition_time	n/a	n/a	n/a	n/a	vee	320.8322677	158	true	320.665919	321.3011263
322.3601901	0.6502212999999983	trials	/intervals/trials	159	start_time	n/a	n/a	n/a	n/a	ree	322.5149497	159	true	322.3601901	323.0104114
322.5149497	0.0	cv_transition	/intervals/trials	159	cv_transition_time	n/a	n/a	n/a	n/a	ree	322.5149497	159	true	322.3601901	323.0104114
324.0694751	0.6282778000000349	trials	/intervals/trials	160	start_time	n/a	n/a	n/a	n/a	lee	324.1745731	160	true	324.0694751	324.6977529
324.1745731	0.0	cv_transition	/intervals/trials	160	cv_transition_time	n/a	n/a	n/a	n/a	lee	324.1745731	160	true	324.0694751	324.6977529
325.6615356	0.6225031000000172	trials	/intervals/trials	161	start_time	n/a	n/a	n/a	n/a	yee	325.7862672	161	true	325.6615356	326.2840387
325.7862672	0.0	cv_transition	/intervals/trials	161	cv_transition_time	n/a	n/a	n/a	n/a	yee	325.7862672	161	true	325.6615356	326.2840387
327.2668776	0.564756999999986	trials	/intervals/trials	162	start_time	n/a	n/a	n/a	n/a	wee	327.3864121	162	true	327.2668776	327.8316346
327.3864121	0.0	cv_transition	/intervals/trials	162	cv_transition_time	n/a	n/a	n/a	n/a	wee	327.3864121	162	true	327.2668776	327.8316346
330.5000827	0.4700533999999834	trials	/intervals/trials	163	start_time	n/a	n/a	n/a	n/a	doo	330.5289558	163	true	330.5000827	330.9701361
330.5289558	0.0	cv_transition	/intervals/trials	163	cv_transition_time	n/a	n/a	n/a	n/a	doo	330.5289558	163	true	330.5000827	330.9701361
332.1221711	0.5075883999999746	trials	/intervals/trials	164	start_time	n/a	n/a	n/a	n/a	goo	332.1585512	164	true	332.1221711	332.6297595
332.1585512	0.0	cv_transition	/intervals/trials	164	cv_transition_time	n/a	n/a	n/a	n/a	goo	332.1585512	164	true	332.1221711	332.6297595
335.5245723	0.5237572999999998	trials	/intervals/trials	165	start_time	n/a	n/a	n/a	n/a	too	335.5707692	165	true	335.5245723	336.0483296
335.5707692	0.0	cv_transition	/intervals/trials	165	cv_transition_time	n/a	n/a	n/a	n/a	too	335.5707692	165	true	335.5245723	336.0483296
337.1276045	0.5988272999999822	trials	/intervals/trials	166	start_time	n/a	n/a	n/a	n/a	koo	337.1980548	166	true	337.1276045	337.7264318
337.1980548	0.0	cv_transition	/intervals/trials	166	cv_transition_time	n/a	n/a	n/a	n/a	koo	337.1980548	166	true	337.1276045	337.7264318
338.837467	0.546855800000003	trials	/intervals/trials	167	start_time	n/a	n/a	n/a	n/a	moo	338.9263961	167	true	338.837467	339.3843228
338.9263961	0.0	cv_transition	/intervals/trials	167	cv_transition_time	n/a	n/a	n/a	n/a	moo	338.9263961	167	true	338.837467	339.3843228
340.4179783	0.5843906999999717	trials	/intervals/trials	168	start_time	n/a	n/a	n/a	n/a	noo	340.5323156	168	true	340.4179783	341.002369
340.5323156	0.0	cv_transition	/intervals/trials	168	cv_transition_time	n/a	n/a	n/a	n/a	noo	340.5323156	168	true	340.4179783	341.002369
341.7917584	0.694685800000002	trials	/intervals/trials	169	start_time	n/a	n/a	n/a	n/a	shoo	342.0152359	169	true	341.7917584	342.4864442
342.0152359	0.0	cv_transition	/intervals/trials	169	cv_transition_time	n/a	n/a	n/a	n/a	shoo	342.0152359	169	true	341.7917584	342.4864442
343.3826639	0.6785168999999769	trials	/intervals/trials	170	start_time	n/a	n/a	n/a	n/a	soo	343.6049865	170	true	343.3826639	344.0611808
343.6049865	0.0	cv_transition	/intervals/trials	170	cv_transition_time	n/a	n/a	n/a	n/a	soo	343.6049865	170	true	343.3826639	344.0611808
346.4720812	0.6132637000000045	trials	/intervals/trials	171	start_time	n/a	n/a	n/a	n/a	hoo	346.6124042	171	true	346.4720812	347.0853449
346.6124042	0.0	cv_transition	/intervals/trials	171	cv_transition_time	n/a	n/a	n/a	n/a	hoo	346.6124042	171	true	346.4720812	347.0853449
349.7052862	0.5098982000000092	trials	/intervals/trials	172	start_time	n/a	n/a	n/a	n/a	roo	349.8074969	172	true	349.7052862	350.2151844
349.8074969	0.0	cv_transition	/intervals/trials	172	cv_transition_time	n/a	n/a	n/a	n/a	roo	349.8074969	172	true	349.7052862	350.2151844
351.2349042	0.546354899999983	trials	/intervals/trials	173	start_time	n/a	n/a	n/a	n/a	loo	351.3446985	173	true	351.2349042	351.7812591
351.3446985	0.0	cv_transition	/intervals/trials	173	cv_transition_time	n/a	n/a	n/a	n/a	loo	351.3446985	173	true	351.2349042	351.7812591
352.7196335	0.6507988000000182	trials	/intervals/trials	174	start_time	n/a	n/a	n/a	n/a	yoo	352.8154921	174	true	352.7196335	353.3704323
352.8154921	0.0	cv_transition	/intervals/trials	174	cv_transition_time	n/a	n/a	n/a	n/a	yoo	352.8154921	174	true	352.7196335	353.3704323
354.3492289	0.529531899999995	trials	/intervals/trials	175	start_time	n/a	n/a	n/a	n/a	woo	354.4468199	175	true	354.3492289	354.8787608
354.4468199	0.0	cv_transition	/intervals/trials	175	cv_transition_time	n/a	n/a	n/a	n/a	woo	354.4468199	175	true	354.3492289	354.8787608
357.4467307	0.4943067000000383	trials	/intervals/trials	176	start_time	n/a	n/a	n/a	n/a	daa	357.4605897	176	true	357.4467307	357.9410374
357.4605897	0.0	cv_transition	/intervals/trials	176	cv_transition_time	n/a	n/a	n/a	n/a	daa	357.4605897	176	true	357.4467307	357.9410374
358.9533268	0.5104756999999722	trials	/intervals/trials	177	start_time	n/a	n/a	n/a	n/a	gaa	358.987397	177	true	358.9533268	359.4638025
358.987397	0.0	cv_transition	/intervals/trials	177	cv_transition_time	n/a	n/a	n/a	n/a	gaa	358.987397	177	true	358.9533268	359.4638025
360.334614	0.5924751000000015	trials	/intervals/trials	178	start_time	n/a	n/a	n/a	n/a	paa	360.4137261	178	true	360.334614	360.9270891
360.4137261	0.0	cv_transition	/intervals/trials	178	cv_transition_time	n/a	n/a	n/a	n/a	paa	360.4137261	178	true	360.334614	360.9270891
361.9792234	0.550320499999998	trials	/intervals/trials	179	start_time	n/a	n/a	n/a	n/a	taa	362.0202231	179	true	361.9792234	362.5295439
362.0202231	0.0	cv_transition	/intervals/trials	179	cv_transition_time	n/a	n/a	n/a	n/a	taa	362.0202231	179	true	361.9792234	362.5295439
363.8351836	0.5895878000000039	trials	/intervals/trials	180	start_time	n/a	n/a	n/a	n/a	kaa	363.9044789	180	true	363.8351836	364.4247714
363.9044789	0.0	cv_transition	/intervals/trials	180	cv_transition_time	n/a	n/a	n/a	n/a	kaa	363.9044789	180	true	363.8351836	364.4247714
365.494807	0.5116305000000239	trials	/intervals/trials	181	start_time	n/a	n/a	n/a	n/a	maa	365.5787476	181	true	365.494807	366.0064375
365.5787476	0.0	cv_transition	/intervals/trials	181	cv_transition_time	n/a	n/a	n/a	n/a	maa	365.5787476	181	true	365.494807	366.0064375
366.943657	0.5572500000000105	trials	/intervals/trials	182	start_time	n/a	n/a	n/a	n/a	naa	367.0146847	182	true	366.943657	367.500907
367.0146847	0.0	cv_transition	/intervals/trials	182	cv_transition_time	n/a	n/a	n/a	n/a	naa	367.0146847	182	true	366.943657	367.500907
368.378648	0.6687001000000237	trials	/intervals/trials	183	start_time	n/a	n/a	n/a	n/a	shaa	368.5848017	183	true	368.378648	369.0473481
368.5848017	0.0	cv_transition	/intervals/trials	183	cv_transition_time	n/a	n/a	n/a	n/a	shaa	368.5848017	183	true	368.378648	369.0473481
369.917582	0.7131646000000273	trials	/intervals/trials	184	start_time	n/a	n/a	n/a	n/a	saa	370.1231582	184	true	369.917582	370.6307466
370.1231582	0.0	cv_transition	/intervals/trials	184	cv_transition_time	n/a	n/a	n/a	n/a	saa	370.1231582	184	true	369.917582	370.6307466
372.9642672	0.6571508000000108	trials	/intervals/trials	185	start_time	n/a	n/a	n/a	n/a	haa	373.1692659	185	true	372.9642672	373.621418
373.1692659	0.0	cv_transition	/intervals/trials	185	cv_transition_time	n/a	n/a	n/a	n/a	haa	373.1692659	185	true	372.9642672	373.621418
374.6625805	0.6369396000000052	trials	/intervals/trials	186	start_time	n/a	n/a	n/a	n/a	vaa	374.7850022	186	true	374.6625805	375.2995201
374.7850022	0.0	cv_transition	/intervals/trials	186	cv_transition_time	n/a	n/a	n/a	n/a	vaa	374.7850022	186	true	374.6625805	375.2995201
376.1651344	0.6785168999999769	trials	/intervals/trials	187	start_time	n/a	n/a	n/a	n/a	raa	376.3360629	187	true	376.1651344	376.8436513
376.3360629	0.0	cv_transition	/intervals/trials	187	cv_transition_time	n/a	n/a	n/a	n/a	raa	376.3360629	187	true	376.1651344	376.8436513
377.8057016	0.7460797999999613	trials	/intervals/trials	188	start_time	n/a	n/a	n/a	n/a	laa	378.0020384	188	true	377.8057016	378.5517814
378.0020384	0.0	cv_transition	/intervals/trials	188	cv_transition_time	n/a	n/a	n/a	n/a	laa	378.0020384	188	true	377.8057016	378.5517814
381.9206899	0.5815033999999741	trials	/intervals/trials	189	start_time	n/a	n/a	n/a	n/a	laa	382.0379145	189	true	381.9206899	382.5021933
382.0379145	0.0	cv_transition	/intervals/trials	189	cv_transition_time	n/a	n/a	n/a	n/a	laa	382.0379145	189	true	381.9206899	382.5021933
383.4838773	0.6386719999999855	trials	/intervals/trials	190	start_time	n/a	n/a	n/a	n/a	yaa	383.5964822	190	true	383.4838773	384.1225493
383.5964822	0.0	cv_transition	/intervals/trials	190	cv_transition_time	n/a	n/a	n/a	n/a	yaa	383.5964822	190	true	383.4838773	384.1225493
385.2485986	0.5757288000000358	trials	/intervals/trials	191	start_time	n/a	n/a	n/a	n/a	waa	385.3594711	191	true	385.2485986	385.8243274
385.3594711	0.0	cv_transition	/intervals/trials	191	cv_transition_time	n/a	n/a	n/a	n/a	waa	385.3594711	191	true	385.2485986	385.8243274
387.406571	0.46716610000004266	trials	/intervals/trials	192	start_time	n/a	n/a	n/a	n/a	bee	387.4233173	192	true	387.406571	387.8737371
387.4233173	0.0	cv_transition	/intervals/trials	192	cv_transition_time	n/a	n/a	n/a	n/a	bee	387.4233173	192	true	387.406571	387.8737371
388.9651387	0.507588300000009	trials	/intervals/trials	193	start_time	n/a	n/a	n/a	n/a	dee	389.0032511	193	true	388.9651387	389.472727
389.0032511	0.0	cv_transition	/intervals/trials	193	cv_transition_time	n/a	n/a	n/a	n/a	dee	389.0032511	193	true	388.9651387	389.472727
390.4365097	0.5064335000000142	trials	/intervals/trials	194	start_time	n/a	n/a	n/a	n/a	gee	390.476932	194	true	390.4365097	390.9429432
390.476932	0.0	cv_transition	/intervals/trials	194	cv_transition_time	n/a	n/a	n/a	n/a	gee	390.476932	194	true	390.4365097	390.9429432
393.6379544	0.5687992999999665	trials	/intervals/trials	195	start_time	n/a	n/a	n/a	n/a	tee	393.7020526	195	true	393.6379544	394.2067537
393.7020526	0.0	cv_transition	/intervals/trials	195	cv_transition_time	n/a	n/a	n/a	n/a	tee	393.7020526	195	true	393.6379544	394.2067537
395.2496486	0.6536859999999933	trials	/intervals/trials	196	start_time	n/a	n/a	n/a	n/a	kee	395.3582113	196	true	395.2496486	395.9033346
395.3582113	0.0	cv_transition	/intervals/trials	196	cv_transition_time	n/a	n/a	n/a	n/a	kee	395.3582113	196	true	395.2496486	395.9033346
397.4884655	0.6207708000000025	trials	/intervals/trials	197	start_time	n/a	n/a	n/a	n/a	mee	397.6524645	197	true	397.4884655	398.1092363
397.6524645	0.0	cv_transition	/intervals/trials	197	cv_transition_time	n/a	n/a	n/a	n/a	mee	397.6524645	197	true	397.4884655	398.1092363
399.2543418	0.554362699999956	trials	/intervals/trials	198	start_time	n/a	n/a	n/a	n/a	nee	399.3415384	198	true	399.2543418	399.8087045
399.3415384	0.0	cv_transition	/intervals/trials	198	cv_transition_time	n/a	n/a	n/a	n/a	nee	399.3415384	198	true	399.2543418	399.8087045
405.213741	0.5254896999999801	trials	/intervals/trials	199	start_time	n/a	n/a	n/a	n/a	mee	405.2847687	199	true	405.213741	405.7392307
405.2847687	0.0	cv_transition	/intervals/trials	199	cv_transition_time	n/a	n/a	n/a	n/a	mee	405.2847687	199	true	405.213741	405.7392307
406.8595053	0.5376163999999903	trials	/intervals/trials	200	start_time	n/a	n/a	n/a	n/a	nee	406.90166	200	true	406.8595053	407.3971217
406.90166	0.0	cv_transition	/intervals/trials	200	cv_transition_time	n/a	n/a	n/a	n/a	nee	406.90166	200	true	406.8595053	407.3971217
408.664649	0.7483895999999959	trials	/intervals/trials	201	start_time	n/a	n/a	n/a	n/a	shee	408.9135347	201	true	408.664649	409.4130386
408.9135347	0.0	cv_transition	/intervals/trials	201	cv_transition_time	n/a	n/a	n/a	n/a	shee	408.9135347	201	true	408.664649	409.4130386
410.582975	0.775530300000014	trials	/intervals/trials	202	start_time	n/a	n/a	n/a	n/a	see	410.8705506	202	true	410.582975	411.3585053
410.8705506	0.0	cv_transition	/intervals/trials	202	cv_transition_time	n/a	n/a	n/a	n/a	see	410.8705506	202	true	410.582975	411.3585053
414.7054702	0.6473340000000007	trials	/intervals/trials	203	start_time	n/a	n/a	n/a	n/a	hee	414.8319342	203	true	414.7054702	415.3528042
414.8319342	0.0	cv_transition	/intervals/trials	203	cv_transition_time	n/a	n/a	n/a	n/a	hee	414.8319342	203	true	414.7054702	415.3528042
416.5978105	0.606334199999992	trials	/intervals/trials	204	start_time	n/a	n/a	n/a	n/a	vee	416.6984292	204	true	416.5978105	417.2041447
416.6984292	0.0	cv_transition	/intervals/trials	204	cv_transition_time	n/a	n/a	n/a	n/a	vee	416.6984292	204	true	416.5978105	417.2041447
418.6322062	0.5589823999999908	trials	/intervals/trials	205	start_time	n/a	n/a	n/a	n/a	ree	418.7465253	205	true	418.6322062	419.1911886
418.7465253	0.0	cv_transition	/intervals/trials	205	cv_transition_time	n/a	n/a	n/a	n/a	ree	418.7465253	205	true	418.6322062	419.1911886
420.3882656	0.5872779999999693	trials	/intervals/trials	206	start_time	n/a	n/a	n/a	n/a	lee	420.5350439	206	true	420.3882656	420.9755436
420.5350439	0.0	cv_transition	/intervals/trials	206	cv_transition_time	n/a	n/a	n/a	n/a	lee	420.5350439	206	true	420.3882656	420.9755436
422.0184385	0.5612922000000253	trials	/intervals/trials	207	start_time	n/a	n/a	n/a	n/a	yee	422.1238873	207	true	422.0184385	422.5797307
422.1238873	0.0	cv_transition	/intervals/trials	207	cv_transition_time	n/a	n/a	n/a	n/a	yee	422.1238873	207	true	422.0184385	422.5797307
423.757174	0.5849681999999916	trials	/intervals/trials	208	start_time	n/a	n/a	n/a	n/a	wee	423.896717	208	true	423.757174	424.3421422
423.896717	0.0	cv_transition	/intervals/trials	208	cv_transition_time	n/a	n/a	n/a	n/a	wee	423.896717	208	true	423.757174	424.3421422
427.4581227	0.43944790000000467	trials	/intervals/trials	209	start_time	n/a	n/a	n/a	n/a	doo	427.4829535	209	true	427.4581227	427.8975706
427.4829535	0.0	cv_transition	/intervals/trials	209	cv_transition_time	n/a	n/a	n/a	n/a	doo	427.4829535	209	true	427.4581227	427.8975706
429.1985906	0.5774612000000161	trials	/intervals/trials	210	start_time	n/a	n/a	n/a	n/a	goo	429.2649987	210	true	429.1985906	429.7760518
429.2649987	0.0	cv_transition	/intervals/trials	210	cv_transition_time	n/a	n/a	n/a	n/a	goo	429.2649987	210	true	429.1985906	429.7760518
433.363818	0.4983490000000188	trials	/intervals/trials	211	start_time	n/a	n/a	n/a	n/a	too	433.4157895	211	true	433.363818	433.862167
433.4157895	0.0	cv_transition	/intervals/trials	211	cv_transition_time	n/a	n/a	n/a	n/a	too	433.4157895	211	true	433.363818	433.862167
436.6345581	0.5139404000000241	trials	/intervals/trials	212	start_time	n/a	n/a	n/a	n/a	koo	436.724642	212	true	436.6345581	437.1484985
436.724642	0.0	cv_transition	/intervals/trials	212	cv_transition_time	n/a	n/a	n/a	n/a	koo	436.724642	212	true	436.6345581	437.1484985
440.2806479	0.5895878999999695	trials	/intervals/trials	213	start_time	n/a	n/a	n/a	n/a	noo	440.3927339	213	true	440.2806479	440.8702358
440.3927339	0.0	cv_transition	/intervals/trials	213	cv_transition_time	n/a	n/a	n/a	n/a	noo	440.3927339	213	true	440.2806479	440.8702358
442.1637488	0.7247136999999952	trials	/intervals/trials	214	start_time	n/a	n/a	n/a	n/a	shoo	442.3953107	214	true	442.1637488	442.8884625
442.3953107	0.0	cv_transition	/intervals/trials	214	cv_transition_time	n/a	n/a	n/a	n/a	shoo	442.3953107	214	true	442.1637488	442.8884625
443.8972872	0.627700300000015	trials	/intervals/trials	215	start_time	n/a	n/a	n/a	n/a	soo	444.0947789	215	true	443.8972872	444.5249875
444.0947789	0.0	cv_transition	/intervals/trials	215	cv_transition_time	n/a	n/a	n/a	n/a	soo	444.0947789	215	true	443.8972872	444.5249875
447.4313495	0.5849681999999916	trials	/intervals/trials	216	start_time	n/a	n/a	n/a	n/a	hoo	447.6207568	216	true	447.4313495	448.0163177
447.6207568	0.0	cv_transition	/intervals/trials	216	cv_transition_time	n/a	n/a	n/a	n/a	hoo	447.6207568	216	true	447.4313495	448.0163177
449.3017463	0.616728500000022	trials	/intervals/trials	217	start_time	n/a	n/a	n/a	n/a	voo	449.5130971	217	true	449.3017463	449.9184748
449.5130971	0.0	cv_transition	/intervals/trials	217	cv_transition_time	n/a	n/a	n/a	n/a	voo	449.5130971	217	true	449.3017463	449.9184748
451.3257477	0.5353064999999901	trials	/intervals/trials	218	start_time	n/a	n/a	n/a	n/a	roo	451.4579863	218	true	451.3257477	451.8610542
451.4579863	0.0	cv_transition	/intervals/trials	218	cv_transition_time	n/a	n/a	n/a	n/a	roo	451.4579863	218	true	451.3257477	451.8610542
453.4069177	0.5693766999999639	trials	/intervals/trials	219	start_time	n/a	n/a	n/a	n/a	loo	453.5548895	219	true	453.4069177	453.9762944
453.5548895	0.0	cv_transition	/intervals/trials	219	cv_transition_time	n/a	n/a	n/a	n/a	loo	453.5548895	219	true	453.4069177	453.9762944
455.1208225	0.7276010000000497	trials	/intervals/trials	220	start_time	n/a	n/a	n/a	n/a	yoo	455.3442999	220	true	455.1208225	455.8484235
455.3442999	0.0	cv_transition	/intervals/trials	220	cv_transition_time	n/a	n/a	n/a	n/a	yoo	455.3442999	220	true	455.1208225	455.8484235
457.0224021	0.7247137999999609	trials	/intervals/trials	221	start_time	n/a	n/a	n/a	n/a	woo	457.2822596	221	true	457.0224021	457.7471159
457.2822596	0.0	cv_transition	/intervals/trials	221	cv_transition_time	n/a	n/a	n/a	n/a	woo	457.2822596	221	true	457.0224021	457.7471159
461.8199495	0.5110530999999696	trials	/intervals/trials	222	start_time	n/a	n/a	n/a	n/a	daa	461.8534422	222	true	461.8199495	462.3310026
461.8534422	0.0	cv_transition	/intervals/trials	222	cv_transition_time	n/a	n/a	n/a	n/a	daa	461.8534422	222	true	461.8199495	462.3310026
463.5211501	0.5399262000000249	trials	/intervals/trials	223	start_time	n/a	n/a	n/a	n/a	gaa	463.5713892	223	true	463.5211501	464.0610763
463.5713892	0.0	cv_transition	/intervals/trials	223	cv_transition_time	n/a	n/a	n/a	n/a	gaa	463.5713892	223	true	463.5211501	464.0610763
