name	x	y	z	size	nwb_bad	nwb_electrode_id	nwb_filtering	nwb_group	nwb_group_name	nwb_id	nwb_imp	nwb_location	nwb_table_row	nwb_x	nwb_y	nwb_z
1	n/a	n/a	n/a	n/a	false	1	none	/general/extracellular_ephys/auto_group	auto_group	1	n/a	n/a	0	n/a	n/a	n/a
2	n/a	n/a	n/a	n/a	false	2	none	/general/extracellular_ephys/auto_group	auto_group	2	n/a	n/a	1	n/a	n/a	n/a
3	n/a	n/a	n/a	n/a	false	3	none	/general/extracellular_ephys/auto_group	auto_group	3	n/a	n/a	2	n/a	n/a	n/a
4	n/a	n/a	n/a	n/a	false	4	none	/general/extracellular_ephys/auto_group	auto_group	4	n/a	n/a	3	n/a	n/a	n/a
5	n/a	n/a	n/a	n/a	false	5	none	/general/extracellular_ephys/auto_group	auto_group	5	n/a	n/a	4	n/a	n/a	n/a
6	n/a	n/a	n/a	n/a	false	6	none	/general/extracellular_ephys/auto_group	auto_group	6	n/a	n/a	5	n/a	n/a	n/a
7	n/a	n/a	n/a	n/a	false	7	none	/general/extracellular_ephys/auto_group	auto_group	7	n/a	n/a	6	n/a	n/a	n/a
8	n/a	n/a	n/a	n/a	false	8	none	/general/extracellular_ephys/auto_group	auto_group	8	n/a	n/a	7	n/a	n/a	n/a
9	n/a	n/a	n/a	n/a	false	9	none	/general/extracellular_ephys/auto_group	auto_group	9	n/a	n/a	8	n/a	n/a	n/a
10	n/a	n/a	n/a	n/a	false	10	none	/general/extracellular_ephys/auto_group	auto_group	10	n/a	precentral	9	n/a	n/a	n/a
11	n/a	n/a	n/a	n/a	false	11	none	/general/extracellular_ephys/auto_group	auto_group	11	n/a	precentral	10	n/a	n/a	n/a
12	n/a	n/a	n/a	n/a	false	12	none	/general/extracellular_ephys/auto_group	auto_group	12	n/a	precentral	11	n/a	n/a	n/a
13	n/a	n/a	n/a	n/a	false	13	none	/general/extracellular_ephys/auto_group	auto_group	13	n/a	precentral	12	n/a	n/a	n/a
14	n/a	n/a	n/a	n/a	false	14	none	/general/extracellular_ephys/auto_group	auto_group	14	n/a	postcentral	13	n/a	n/a	n/a
15	n/a	n/a	n/a	n/a	false	15	none	/general/extracellular_ephys/auto_group	auto_group	15	n/a	postcentral	14	n/a	n/a	n/a
16	n/a	n/a	n/a	n/a	false	16	none	/general/extracellular_ephys/auto_group	auto_group	16	n/a	postcentral	15	n/a	n/a	n/a
17	n/a	n/a	n/a	n/a	false	17	none	/general/extracellular_ephys/auto_group	auto_group	17	n/a	n/a	16	n/a	n/a	n/a
18	n/a	n/a	n/a	n/a	false	18	none	/general/extracellular_ephys/auto_group	auto_group	18	n/a	n/a	17	n/a	n/a	n/a
19	n/a	n/a	n/a	n/a	false	19	none	/general/extracellular_ephys/auto_group	auto_group	19	n/a	n/a	18	n/a	n/a	n/a
20	n/a	n/a	n/a	n/a	false	20	none	/general/extracellular_ephys/auto_group	auto_group	20	n/a	n/a	19	n/a	n/a	n/a
21	n/a	n/a	n/a	n/a	false	21	none	/general/extracellular_ephys/auto_group	auto_group	21	n/a	n/a	20	n/a	n/a	n/a
22	n/a	n/a	n/a	n/a	false	22	none	/general/extracellular_ephys/auto_group	auto_group	22	n/a	n/a	21	n/a	n/a	n/a
23	n/a	n/a	n/a	n/a	false	23	none	/general/extracellular_ephys/auto_group	auto_group	23	n/a	n/a	22	n/a	n/a	n/a
24	n/a	n/a	n/a	n/a	false	24	none	/general/extracellular_ephys/auto_group	auto_group	24	n/a	n/a	23	n/a	n/a	n/a
25	n/a	n/a	n/a	n/a	false	25	none	/general/extracellular_ephys/auto_group	auto_group	25	n/a	n/a	24	n/a	n/a	n/a
26	n/a	n/a	n/a	n/a	false	26	none	/general/extracellular_ephys/auto_group	auto_group	26	n/a	precentral	25	n/a	n/a	n/a
27	n/a	n/a	n/a	n/a	false	27	none	/general/extracellular_ephys/auto_group	auto_group	27	n/a	precentral	26	n/a	n/a	n/a
28	n/a	n/a	n/a	n/a	false	28	none	/general/extracellular_ephys/auto_group	auto_group	28	n/a	precentral	27	n/a	n/a	n/a
29	n/a	n/a	n/a	n/a	false	29	none	/general/extracellular_ephys/auto_group	auto_group	29	n/a	precentral	28	n/a	n/a	n/a
30	n/a	n/a	n/a	n/a	false	30	none	/general/extracellular_ephys/auto_group	auto_group	30	n/a	postcentral	29	n/a	n/a	n/a
31	n/a	n/a	n/a	n/a	false	31	none	/general/extracellular_ephys/auto_group	auto_group	31	n/a	postcentral	30	n/a	n/a	n/a
32	n/a	n/a	n/a	n/a	false	32	none	/general/extracellular_ephys/auto_group	auto_group	32	n/a	postcentral	31	n/a	n/a	n/a
33	n/a	n/a	n/a	n/a	false	33	none	/general/extracellular_ephys/auto_group	auto_group	33	n/a	n/a	32	n/a	n/a	n/a
34	n/a	n/a	n/a	n/a	false	34	none	/general/extracellular_ephys/auto_group	auto_group	34	n/a	n/a	33	n/a	n/a	n/a
35	n/a	n/a	n/a	n/a	false	35	none	/general/extracellular_ephys/auto_group	auto_group	35	n/a	n/a	34	n/a	n/a	n/a
36	n/a	n/a	n/a	n/a	false	36	none	/general/extracellular_ephys/auto_group	auto_group	36	n/a	n/a	35	n/a	n/a	n/a
37	n/a	n/a	n/a	n/a	false	37	none	/general/extracellular_ephys/auto_group	auto_group	37	n/a	n/a	36	n/a	n/a	n/a
38	n/a	n/a	n/a	n/a	false	38	none	/general/extracellular_ephys/auto_group	auto_group	38	n/a	n/a	37	n/a	n/a	n/a
39	n/a	n/a	n/a	n/a	false	39	none	/general/extracellular_ephys/auto_group	auto_group	39	n/a	n/a	38	n/a	n/a	n/a
40	n/a	n/a	n/a	n/a	false	40	none	/general/extracellular_ephys/auto_group	auto_group	40	n/a	n/a	39	n/a	n/a	n/a
41	n/a	n/a	n/a	n/a	false	41	none	/general/extracellular_ephys/auto_group	auto_group	41	n/a	n/a	40	n/a	n/a	n/a
42	n/a	n/a	n/a	n/a	false	42	none	/general/extracellular_ephys/auto_group	auto_group	42	n/a	precentral	41	n/a	n/a	n/a
43	n/a	n/a	n/a	n/a	false	43	none	/general/extracellular_ephys/auto_group	auto_group	43	n/a	precentral	42	n/a	n/a	n/a
44	n/a	n/a	n/a	n/a	false	44	none	/general/extracellular_ephys/auto_group	auto_group	44	n/a	precentral	43	n/a	n/a	n/a
45	n/a	n/a	n/a	n/a	false	45	none	/general/extracellular_ephys/auto_group	auto_group	45	n/a	precentral	44	n/a	n/a	n/a
46	n/a	n/a	n/a	n/a	false	46	none	/general/extracellular_ephys/auto_group	auto_group	46	n/a	postcentral	45	n/a	n/a	n/a
47	n/a	n/a	n/a	n/a	false	47	none	/general/extracellular_ephys/auto_group	auto_group	47	n/a	postcentral	46	n/a	n/a	n/a
48	n/a	n/a	n/a	n/a	false	48	none	/general/extracellular_ephys/auto_group	auto_group	48	n/a	postcentral	47	n/a	n/a	n/a
49	n/a	n/a	n/a	n/a	false	49	none	/general/extracellular_ephys/auto_group	auto_group	49	n/a	n/a	48	n/a	n/a	n/a
50	n/a	n/a	n/a	n/a	false	50	none	/general/extracellular_ephys/auto_group	auto_group	50	n/a	n/a	49	n/a	n/a	n/a
51	n/a	n/a	n/a	n/a	false	51	none	/general/extracellular_ephys/auto_group	auto_group	51	n/a	n/a	50	n/a	n/a	n/a
52	n/a	n/a	n/a	n/a	false	52	none	/general/extracellular_ephys/auto_group	auto_group	52	n/a	n/a	51	n/a	n/a	n/a
53	n/a	n/a	n/a	n/a	false	53	none	/general/extracellular_ephys/auto_group	auto_group	53	n/a	n/a	52	n/a	n/a	n/a
54	n/a	n/a	n/a	n/a	false	54	none	/general/extracellular_ephys/auto_group	auto_group	54	n/a	n/a	53	n/a	n/a	n/a
55	n/a	n/a	n/a	n/a	false	55	none	/general/extracellular_ephys/auto_group	auto_group	55	n/a	n/a	54	n/a	n/a	n/a
56	n/a	n/a	n/a	n/a	false	56	none	/general/extracellular_ephys/auto_group	auto_group	56	n/a	n/a	55	n/a	n/a	n/a
57	n/a	n/a	n/a	n/a	false	57	none	/general/extracellular_ephys/auto_group	auto_group	57	n/a	precentral	56	n/a	n/a	n/a
58	n/a	n/a	n/a	n/a	false	58	none	/general/extracellular_ephys/auto_group	auto_group	58	n/a	precentral	57	n/a	n/a	n/a
59	n/a	n/a	n/a	n/a	false	59	none	/general/extracellular_ephys/auto_group	auto_group	59	n/a	precentral	58	n/a	n/a	n/a
60	n/a	n/a	n/a	n/a	false	60	none	/general/extracellular_ephys/auto_group	auto_group	60	n/a	precentral	59	n/a	n/a	n/a
61	n/a	n/a	n/a	n/a	false	61	none	/general/extracellular_ephys/auto_group	auto_group	61	n/a	postcentral	60	n/a	n/a	n/a
62	n/a	n/a	n/a	n/a	false	62	none	/general/extracellular_ephys/auto_group	auto_group	62	n/a	postcentral	61	n/a	n/a	n/a
63	n/a	n/a	n/a	n/a	false	63	none	/general/extracellular_ephys/auto_group	auto_group	63	n/a	postcentral	62	n/a	n/a	n/a
64	n/a	n/a	n/a	n/a	false	64	none	/general/extracellular_ephys/auto_group	auto_group	64	n/a	postcentral	63	n/a	n/a	n/a
65	n/a	n/a	n/a	n/a	true	65	none	/general/extracellular_ephys/auto_group	auto_group	65	n/a	n/a	64	n/a	n/a	n/a
66	n/a	n/a	n/a	n/a	true	66	none	/general/extracellular_ephys/auto_group	auto_group	66	n/a	n/a	65	n/a	n/a	n/a
67	n/a	n/a	n/a	n/a	true	67	none	/general/extracellular_ephys/auto_group	auto_group	67	n/a	n/a	66	n/a	n/a	n/a
68	n/a	n/a	n/a	n/a	false	68	none	/general/extracellular_ephys/auto_group	auto_group	68	n/a	n/a	67	n/a	n/a	n/a
69	n/a	n/a	n/a	n/a	false	69	none	/general/extracellular_ephys/auto_group	auto_group	69	n/a	n/a	68	n/a	n/a	n/a
70	n/a	n/a	n/a	n/a	false	70	none	/general/extracellular_ephys/auto_group	auto_group	70	n/a	n/a	69	n/a	n/a	n/a
71	n/a	n/a	n/a	n/a	false	71	none	/general/extracellular_ephys/auto_group	auto_group	71	n/a	n/a	70	n/a	n/a	n/a
72	n/a	n/a	n/a	n/a	false	72	none	/general/extracellular_ephys/auto_group	auto_group	72	n/a	n/a	71	n/a	n/a	n/a
73	n/a	n/a	n/a	n/a	false	73	none	/general/extracellular_ephys/auto_group	auto_group	73	n/a	precentral	72	n/a	n/a	n/a
74	n/a	n/a	n/a	n/a	false	74	none	/general/extracellular_ephys/auto_group	auto_group	74	n/a	precentral	73	n/a	n/a	n/a
75	n/a	n/a	n/a	n/a	false	75	none	/general/extracellular_ephys/auto_group	auto_group	75	n/a	precentral	74	n/a	n/a	n/a
76	n/a	n/a	n/a	n/a	false	76	none	/general/extracellular_ephys/auto_group	auto_group	76	n/a	postcentral	75	n/a	n/a	n/a
77	n/a	n/a	n/a	n/a	false	77	none	/general/extracellular_ephys/auto_group	auto_group	77	n/a	postcentral	76	n/a	n/a	n/a
78	n/a	n/a	n/a	n/a	false	78	none	/general/extracellular_ephys/auto_group	auto_group	78	n/a	postcentral	77	n/a	n/a	n/a
79	n/a	n/a	n/a	n/a	false	79	none	/general/extracellular_ephys/auto_group	auto_group	79	n/a	postcentral	78	n/a	n/a	n/a
80	n/a	n/a	n/a	n/a	false	80	none	/general/extracellular_ephys/auto_group	auto_group	80	n/a	postcentral	79	n/a	n/a	n/a
81	n/a	n/a	n/a	n/a	false	81	none	/general/extracellular_ephys/auto_group	auto_group	81	n/a	n/a	80	n/a	n/a	n/a
82	n/a	n/a	n/a	n/a	false	82	none	/general/extracellular_ephys/auto_group	auto_group	82	n/a	n/a	81	n/a	n/a	n/a
83	n/a	n/a	n/a	n/a	false	83	none	/general/extracellular_ephys/auto_group	auto_group	83	n/a	n/a	82	n/a	n/a	n/a
84	n/a	n/a	n/a	n/a	false	84	none	/general/extracellular_ephys/auto_group	auto_group	84	n/a	n/a	83	n/a	n/a	n/a
85	n/a	n/a	n/a	n/a	false	85	none	/general/extracellular_ephys/auto_group	auto_group	85	n/a	n/a	84	n/a	n/a	n/a
86	n/a	n/a	n/a	n/a	false	86	none	/general/extracellular_ephys/auto_group	auto_group	86	n/a	n/a	85	n/a	n/a	n/a
87	n/a	n/a	n/a	n/a	false	87	none	/general/extracellular_ephys/auto_group	auto_group	87	n/a	n/a	86	n/a	n/a	n/a
88	n/a	n/a	n/a	n/a	false	88	none	/general/extracellular_ephys/auto_group	auto_group	88	n/a	n/a	87	n/a	n/a	n/a
89	n/a	n/a	n/a	n/a	false	89	none	/general/extracellular_ephys/auto_group	auto_group	89	n/a	precentral	88	n/a	n/a	n/a
90	n/a	n/a	n/a	n/a	true	90	none	/general/extracellular_ephys/auto_group	auto_group	90	n/a	precentral	89	n/a	n/a	n/a
91	n/a	n/a	n/a	n/a	false	91	none	/general/extracellular_ephys/auto_group	auto_group	91	n/a	precentral	90	n/a	n/a	n/a
92	n/a	n/a	n/a	n/a	false	92	none	/general/extracellular_ephys/auto_group	auto_group	92	n/a	postcentral	91	n/a	n/a	n/a
93	n/a	n/a	n/a	n/a	false	93	none	/general/extracellular_ephys/auto_group	auto_group	93	n/a	postcentral	92	n/a	n/a	n/a
94	n/a	n/a	n/a	n/a	false	94	none	/general/extracellular_ephys/auto_group	auto_group	94	n/a	n/a	93	n/a	n/a	n/a
95	n/a	n/a	n/a	n/a	false	95	none	/general/extracellular_ephys/auto_group	auto_group	95	n/a	n/a	94	n/a	n/a	n/a
96	n/a	n/a	n/a	n/a	false	96	none	/general/extracellular_ephys/auto_group	auto_group	96	n/a	n/a	95	n/a	n/a	n/a
97	n/a	n/a	n/a	n/a	false	97	none	/general/extracellular_ephys/auto_group	auto_group	97	n/a	n/a	96	n/a	n/a	n/a
98	n/a	n/a	n/a	n/a	false	98	none	/general/extracellular_ephys/auto_group	auto_group	98	n/a	n/a	97	n/a	n/a	n/a
99	n/a	n/a	n/a	n/a	false	99	none	/general/extracellular_ephys/auto_group	auto_group	99	n/a	n/a	98	n/a	n/a	n/a
100	n/a	n/a	n/a	n/a	false	100	none	/general/extracellular_ephys/auto_group	auto_group	100	n/a	n/a	99	n/a	n/a	n/a
101	n/a	n/a	n/a	n/a	false	101	none	/general/extracellular_ephys/auto_group	auto_group	101	n/a	n/a	100	n/a	n/a	n/a
102	n/a	n/a	n/a	n/a	false	102	none	/general/extracellular_ephys/auto_group	auto_group	102	n/a	n/a	101	n/a	n/a	n/a
103	n/a	n/a	n/a	n/a	false	103	none	/general/extracellular_ephys/auto_group	auto_group	103	n/a	n/a	102	n/a	n/a	n/a
104	n/a	n/a	n/a	n/a	false	104	none	/general/extracellular_ephys/auto_group	auto_group	104	n/a	n/a	103	n/a	n/a	n/a
105	n/a	n/a	n/a	n/a	false	105	none	/general/extracellular_ephys/auto_group	auto_group	105	n/a	precentral	104	n/a	n/a	n/a
106	n/a	n/a	n/a	n/a	false	106	none	/general/extracellular_ephys/auto_group	auto_group	106	n/a	precentral	105	n/a	n/a	n/a
107	n/a	n/a	n/a	n/a	false	107	none	/general/extracellular_ephys/auto_group	auto_group	107	n/a	precentral	106	n/a	n/a	n/a
108	n/a	n/a	n/a	n/a	false	108	none	/general/extracellular_ephys/auto_group	auto_group	108	n/a	postcentral	107	n/a	n/a	n/a
109	n/a	n/a	n/a	n/a	false	109	none	/general/extracellular_ephys/auto_group	auto_group	109	n/a	postcentral	108	n/a	n/a	n/a
110	n/a	n/a	n/a	n/a	false	110	none	/general/extracellular_ephys/auto_group	auto_group	110	n/a	n/a	109	n/a	n/a	n/a
111	n/a	n/a	n/a	n/a	false	111	none	/general/extracellular_ephys/auto_group	auto_group	111	n/a	n/a	110	n/a	n/a	n/a
112	n/a	n/a	n/a	n/a	false	112	none	/general/extracellular_ephys/auto_group	auto_group	112	n/a	n/a	111	n/a	n/a	n/a
113	n/a	n/a	n/a	n/a	false	113	none	/general/extracellular_ephys/auto_group	auto_group	113	n/a	n/a	112	n/a	n/a	n/a
114	n/a	n/a	n/a	n/a	false	114	none	/general/extracellular_ephys/auto_group	auto_group	114	n/a	n/a	113	n/a	n/a	n/a
115	n/a	n/a	n/a	n/a	false	115	none	/general/extracellular_ephys/auto_group	auto_group	115	n/a	n/a	114	n/a	n/a	n/a
116	n/a	n/a	n/a	n/a	false	116	none	/general/extracellular_ephys/auto_group	auto_group	116	n/a	n/a	115	n/a	n/a	n/a
117	n/a	n/a	n/a	n/a	false	117	none	/general/extracellular_ephys/auto_group	auto_group	117	n/a	n/a	116	n/a	n/a	n/a
118	n/a	n/a	n/a	n/a	false	118	none	/general/extracellular_ephys/auto_group	auto_group	118	n/a	n/a	117	n/a	n/a	n/a
119	n/a	n/a	n/a	n/a	false	119	none	/general/extracellular_ephys/auto_group	auto_group	119	n/a	n/a	118	n/a	n/a	n/a
120	n/a	n/a	n/a	n/a	false	120	none	/general/extracellular_ephys/auto_group	auto_group	120	n/a	n/a	119	n/a	n/a	n/a
121	n/a	n/a	n/a	n/a	false	121	none	/general/extracellular_ephys/auto_group	auto_group	121	n/a	precentral	120	n/a	n/a	n/a
122	n/a	n/a	n/a	n/a	false	122	none	/general/extracellular_ephys/auto_group	auto_group	122	n/a	precentral	121	n/a	n/a	n/a
123	n/a	n/a	n/a	n/a	false	123	none	/general/extracellular_ephys/auto_group	auto_group	123	n/a	postcentral	122	n/a	n/a	n/a
124	n/a	n/a	n/a	n/a	false	124	none	/general/extracellular_ephys/auto_group	auto_group	124	n/a	postcentral	123	n/a	n/a	n/a
125	n/a	n/a	n/a	n/a	false	125	none	/general/extracellular_ephys/auto_group	auto_group	125	n/a	n/a	124	n/a	n/a	n/a
126	n/a	n/a	n/a	n/a	false	126	none	/general/extracellular_ephys/auto_group	auto_group	126	n/a	n/a	125	n/a	n/a	n/a
127	n/a	n/a	n/a	n/a	false	127	none	/general/extracellular_ephys/auto_group	auto_group	127	n/a	n/a	126	n/a	n/a	n/a
128	n/a	n/a	n/a	n/a	false	128	none	/general/extracellular_ephys/auto_group	auto_group	128	n/a	n/a	127	n/a	n/a	n/a
129	n/a	n/a	n/a	n/a	false	129	none	/general/extracellular_ephys/auto_group	auto_group	129	n/a	n/a	128	n/a	n/a	n/a
130	n/a	n/a	n/a	n/a	false	130	none	/general/extracellular_ephys/auto_group	auto_group	130	n/a	n/a	129	n/a	n/a	n/a
131	n/a	n/a	n/a	n/a	false	131	none	/general/extracellular_ephys/auto_group	auto_group	131	n/a	n/a	130	n/a	n/a	n/a
132	n/a	n/a	n/a	n/a	false	132	none	/general/extracellular_ephys/auto_group	auto_group	132	n/a	n/a	131	n/a	n/a	n/a
133	n/a	n/a	n/a	n/a	false	133	none	/general/extracellular_ephys/auto_group	auto_group	133	n/a	n/a	132	n/a	n/a	n/a
134	n/a	n/a	n/a	n/a	false	134	none	/general/extracellular_ephys/auto_group	auto_group	134	n/a	n/a	133	n/a	n/a	n/a
135	n/a	n/a	n/a	n/a	false	135	none	/general/extracellular_ephys/auto_group	auto_group	135	n/a	n/a	134	n/a	n/a	n/a
136	n/a	n/a	n/a	n/a	false	136	none	/general/extracellular_ephys/auto_group	auto_group	136	n/a	n/a	135	n/a	n/a	n/a
137	n/a	n/a	n/a	n/a	false	137	none	/general/extracellular_ephys/auto_group	auto_group	137	n/a	precentral	136	n/a	n/a	n/a
138	n/a	n/a	n/a	n/a	false	138	none	/general/extracellular_ephys/auto_group	auto_group	138	n/a	precentral	137	n/a	n/a	n/a
139	n/a	n/a	n/a	n/a	false	139	none	/general/extracellular_ephys/auto_group	auto_group	139	n/a	postcentral	138	n/a	n/a	n/a
140	n/a	n/a	n/a	n/a	false	140	none	/general/extracellular_ephys/auto_group	auto_group	140	n/a	postcentral	139	n/a	n/a	n/a
141	n/a	n/a	n/a	n/a	false	141	none	/general/extracellular_ephys/auto_group	auto_group	141	n/a	n/a	140	n/a	n/a	n/a
142	n/a	n/a	n/a	n/a	false	142	none	/general/extracellular_ephys/auto_group	auto_group	142	n/a	n/a	141	n/a	n/a	n/a
143	n/a	n/a	n/a	n/a	false	143	none	/general/extracellular_ephys/auto_group	auto_group	143	n/a	n/a	142	n/a	n/a	n/a
144	n/a	n/a	n/a	n/a	false	144	none	/general/extracellular_ephys/auto_group	auto_group	144	n/a	n/a	143	n/a	n/a	n/a
145	n/a	n/a	n/a	n/a	false	145	none	/general/extracellular_ephys/auto_group	auto_group	145	n/a	n/a	144	n/a	n/a	n/a
146	n/a	n/a	n/a	n/a	false	146	none	/general/extracellular_ephys/auto_group	auto_group	146	n/a	n/a	145	n/a	n/a	n/a
147	n/a	n/a	n/a	n/a	false	147	none	/general/extracellular_ephys/auto_group	auto_group	147	n/a	n/a	146	n/a	n/a	n/a
148	n/a	n/a	n/a	n/a	false	148	none	/general/extracellular_ephys/auto_group	auto_group	148	n/a	n/a	147	n/a	n/a	n/a
149	n/a	n/a	n/a	n/a	false	149	none	/general/extracellular_ephys/auto_group	auto_group	149	n/a	n/a	148	n/a	n/a	n/a
150	n/a	n/a	n/a	n/a	false	150	none	/general/extracellular_ephys/auto_group	auto_group	150	n/a	n/a	149	n/a	n/a	n/a
151	n/a	n/a	n/a	n/a	false	151	none	/general/extracellular_ephys/auto_group	auto_group	151	n/a	n/a	150	n/a	n/a	n/a
152	n/a	n/a	n/a	n/a	false	152	none	/general/extracellular_ephys/auto_group	auto_group	152	n/a	n/a	151	n/a	n/a	n/a
153	n/a	n/a	n/a	n/a	false	153	none	/general/extracellular_ephys/auto_group	auto_group	153	n/a	precentral	152	n/a	n/a	n/a
154	n/a	n/a	n/a	n/a	false	154	none	/general/extracellular_ephys/auto_group	auto_group	154	n/a	precentral	153	n/a	n/a	n/a
155	n/a	n/a	n/a	n/a	false	155	none	/general/extracellular_ephys/auto_group	auto_group	155	n/a	postcentral	154	n/a	n/a	n/a
156	n/a	n/a	n/a	n/a	false	156	none	/general/extracellular_ephys/auto_group	auto_group	156	n/a	postcentral	155	n/a	n/a	n/a
157	n/a	n/a	n/a	n/a	false	157	none	/general/extracellular_ephys/auto_group	auto_group	157	n/a	n/a	156	n/a	n/a	n/a
158	n/a	n/a	n/a	n/a	false	158	none	/general/extracellular_ephys/auto_group	auto_group	158	n/a	n/a	157	n/a	n/a	n/a
159	n/a	n/a	n/a	n/a	false	159	none	/general/extracellular_ephys/auto_group	auto_group	159	n/a	n/a	158	n/a	n/a	n/a
160	n/a	n/a	n/a	n/a	false	160	none	/general/extracellular_ephys/auto_group	auto_group	160	n/a	n/a	159	n/a	n/a	n/a
161	n/a	n/a	n/a	n/a	false	161	none	/general/extracellular_ephys/auto_group	auto_group	161	n/a	n/a	160	n/a	n/a	n/a
162	n/a	n/a	n/a	n/a	false	162	none	/general/extracellular_ephys/auto_group	auto_group	162	n/a	n/a	161	n/a	n/a	n/a
163	n/a	n/a	n/a	n/a	false	163	none	/general/extracellular_ephys/auto_group	auto_group	163	n/a	n/a	162	n/a	n/a	n/a
164	n/a	n/a	n/a	n/a	false	164	none	/general/extracellular_ephys/auto_group	auto_group	164	n/a	n/a	163	n/a	n/a	n/a
165	n/a	n/a	n/a	n/a	false	165	none	/general/extracellular_ephys/auto_group	auto_group	165	n/a	n/a	164	n/a	n/a	n/a
166	n/a	n/a	n/a	n/a	false	166	none	/general/extracellular_ephys/auto_group	auto_group	166	n/a	n/a	165	n/a	n/a	n/a
167	n/a	n/a	n/a	n/a	false	167	none	/general/extracellular_ephys/auto_group	auto_group	167	n/a	n/a	166	n/a	n/a	n/a
168	n/a	n/a	n/a	n/a	false	168	none	/general/extracellular_ephys/auto_group	auto_group	168	n/a	n/a	167	n/a	n/a	n/a
169	n/a	n/a	n/a	n/a	false	169	none	/general/extracellular_ephys/auto_group	auto_group	169	n/a	precentral	168	n/a	n/a	n/a
170	n/a	n/a	n/a	n/a	false	170	none	/general/extracellular_ephys/auto_group	auto_group	170	n/a	precentral	169	n/a	n/a	n/a
171	n/a	n/a	n/a	n/a	false	171	none	/general/extracellular_ephys/auto_group	auto_group	171	n/a	postcentral	170	n/a	n/a	n/a
172	n/a	n/a	n/a	n/a	false	172	none	/general/extracellular_ephys/auto_group	auto_group	172	n/a	postcentral	171	n/a	n/a	n/a
173	n/a	n/a	n/a	n/a	false	173	none	/general/extracellular_ephys/auto_group	auto_group	173	n/a	postcentral	172	n/a	n/a	n/a
174	n/a	n/a	n/a	n/a	false	174	none	/general/extracellular_ephys/auto_group	auto_group	174	n/a	n/a	173	n/a	n/a	n/a
175	n/a	n/a	n/a	n/a	false	175	none	/general/extracellular_ephys/auto_group	auto_group	175	n/a	n/a	174	n/a	n/a	n/a
176	n/a	n/a	n/a	n/a	false	176	none	/general/extracellular_ephys/auto_group	auto_group	176	n/a	n/a	175	n/a	n/a	n/a
177	n/a	n/a	n/a	n/a	false	177	none	/general/extracellular_ephys/auto_group	auto_group	177	n/a	n/a	176	n/a	n/a	n/a
178	n/a	n/a	n/a	n/a	false	178	none	/general/extracellular_ephys/auto_group	auto_group	178	n/a	n/a	177	n/a	n/a	n/a
179	n/a	n/a	n/a	n/a	false	179	none	/general/extracellular_ephys/auto_group	auto_group	179	n/a	n/a	178	n/a	n/a	n/a
180	n/a	n/a	n/a	n/a	false	180	none	/general/extracellular_ephys/auto_group	auto_group	180	n/a	n/a	179	n/a	n/a	n/a
181	n/a	n/a	n/a	n/a	false	181	none	/general/extracellular_ephys/auto_group	auto_group	181	n/a	n/a	180	n/a	n/a	n/a
182	n/a	n/a	n/a	n/a	false	182	none	/general/extracellular_ephys/auto_group	auto_group	182	n/a	n/a	181	n/a	n/a	n/a
183	n/a	n/a	n/a	n/a	false	183	none	/general/extracellular_ephys/auto_group	auto_group	183	n/a	n/a	182	n/a	n/a	n/a
184	n/a	n/a	n/a	n/a	false	184	none	/general/extracellular_ephys/auto_group	auto_group	184	n/a	n/a	183	n/a	n/a	n/a
185	n/a	n/a	n/a	n/a	false	185	none	/general/extracellular_ephys/auto_group	auto_group	185	n/a	precentral	184	n/a	n/a	n/a
186	n/a	n/a	n/a	n/a	false	186	none	/general/extracellular_ephys/auto_group	auto_group	186	n/a	precentral	185	n/a	n/a	n/a
187	n/a	n/a	n/a	n/a	false	187	none	/general/extracellular_ephys/auto_group	auto_group	187	n/a	postcentral	186	n/a	n/a	n/a
188	n/a	n/a	n/a	n/a	false	188	none	/general/extracellular_ephys/auto_group	auto_group	188	n/a	postcentral	187	n/a	n/a	n/a
189	n/a	n/a	n/a	n/a	false	189	none	/general/extracellular_ephys/auto_group	auto_group	189	n/a	postcentral	188	n/a	n/a	n/a
190	n/a	n/a	n/a	n/a	false	190	none	/general/extracellular_ephys/auto_group	auto_group	190	n/a	postcentral	189	n/a	n/a	n/a
191	n/a	n/a	n/a	n/a	false	191	none	/general/extracellular_ephys/auto_group	auto_group	191	n/a	n/a	190	n/a	n/a	n/a
192	n/a	n/a	n/a	n/a	false	192	none	/general/extracellular_ephys/auto_group	auto_group	192	n/a	n/a	191	n/a	n/a	n/a
193	n/a	n/a	n/a	n/a	false	193	none	/general/extracellular_ephys/auto_group	auto_group	193	n/a	n/a	192	n/a	n/a	n/a
194	n/a	n/a	n/a	n/a	false	194	none	/general/extracellular_ephys/auto_group	auto_group	194	n/a	n/a	193	n/a	n/a	n/a
195	n/a	n/a	n/a	n/a	false	195	none	/general/extracellular_ephys/auto_group	auto_group	195	n/a	n/a	194	n/a	n/a	n/a
196	n/a	n/a	n/a	n/a	false	196	none	/general/extracellular_ephys/auto_group	auto_group	196	n/a	n/a	195	n/a	n/a	n/a
197	n/a	n/a	n/a	n/a	false	197	none	/general/extracellular_ephys/auto_group	auto_group	197	n/a	n/a	196	n/a	n/a	n/a
198	n/a	n/a	n/a	n/a	false	198	none	/general/extracellular_ephys/auto_group	auto_group	198	n/a	n/a	197	n/a	n/a	n/a
199	n/a	n/a	n/a	n/a	false	199	none	/general/extracellular_ephys/auto_group	auto_group	199	n/a	n/a	198	n/a	n/a	n/a
200	n/a	n/a	n/a	n/a	false	200	none	/general/extracellular_ephys/auto_group	auto_group	200	n/a	n/a	199	n/a	n/a	n/a
201	n/a	n/a	n/a	n/a	false	201	none	/general/extracellular_ephys/auto_group	auto_group	201	n/a	precentral	200	n/a	n/a	n/a
202	n/a	n/a	n/a	n/a	false	202	none	/general/extracellular_ephys/auto_group	auto_group	202	n/a	precentral	201	n/a	n/a	n/a
203	n/a	n/a	n/a	n/a	false	203	none	/general/extracellular_ephys/auto_group	auto_group	203	n/a	precentral	202	n/a	n/a	n/a
204	n/a	n/a	n/a	n/a	false	204	none	/general/extracellular_ephys/auto_group	auto_group	204	n/a	postcentral	203	n/a	n/a	n/a
205	n/a	n/a	n/a	n/a	false	205	none	/general/extracellular_ephys/auto_group	auto_group	205	n/a	postcentral	204	n/a	n/a	n/a
206	n/a	n/a	n/a	n/a	false	206	none	/general/extracellular_ephys/auto_group	auto_group	206	n/a	postcentral	205	n/a	n/a	n/a
207	n/a	n/a	n/a	n/a	false	207	none	/general/extracellular_ephys/auto_group	auto_group	207	n/a	n/a	206	n/a	n/a	n/a
208	n/a	n/a	n/a	n/a	false	208	none	/general/extracellular_ephys/auto_group	auto_group	208	n/a	n/a	207	n/a	n/a	n/a
209	n/a	n/a	n/a	n/a	false	209	none	/general/extracellular_ephys/auto_group	auto_group	209	n/a	n/a	208	n/a	n/a	n/a
210	n/a	n/a	n/a	n/a	false	210	none	/general/extracellular_ephys/auto_group	auto_group	210	n/a	n/a	209	n/a	n/a	n/a
211	n/a	n/a	n/a	n/a	false	211	none	/general/extracellular_ephys/auto_group	auto_group	211	n/a	n/a	210	n/a	n/a	n/a
212	n/a	n/a	n/a	n/a	false	212	none	/general/extracellular_ephys/auto_group	auto_group	212	n/a	n/a	211	n/a	n/a	n/a
213	n/a	n/a	n/a	n/a	false	213	none	/general/extracellular_ephys/auto_group	auto_group	213	n/a	n/a	212	n/a	n/a	n/a
214	n/a	n/a	n/a	n/a	false	214	none	/general/extracellular_ephys/auto_group	auto_group	214	n/a	n/a	213	n/a	n/a	n/a
215	n/a	n/a	n/a	n/a	false	215	none	/general/extracellular_ephys/auto_group	auto_group	215	n/a	n/a	214	n/a	n/a	n/a
216	n/a	n/a	n/a	n/a	false	216	none	/general/extracellular_ephys/auto_group	auto_group	216	n/a	n/a	215	n/a	n/a	n/a
217	n/a	n/a	n/a	n/a	false	217	none	/general/extracellular_ephys/auto_group	auto_group	217	n/a	n/a	216	n/a	n/a	n/a
218	n/a	n/a	n/a	n/a	false	218	none	/general/extracellular_ephys/auto_group	auto_group	218	n/a	precentral	217	n/a	n/a	n/a
219	n/a	n/a	n/a	n/a	false	219	none	/general/extracellular_ephys/auto_group	auto_group	219	n/a	precentral	218	n/a	n/a	n/a
220	n/a	n/a	n/a	n/a	false	220	none	/general/extracellular_ephys/auto_group	auto_group	220	n/a	precentral	219	n/a	n/a	n/a
221	n/a	n/a	n/a	n/a	false	221	none	/general/extracellular_ephys/auto_group	auto_group	221	n/a	n/a	220	n/a	n/a	n/a
222	n/a	n/a	n/a	n/a	false	222	none	/general/extracellular_ephys/auto_group	auto_group	222	n/a	n/a	221	n/a	n/a	n/a
223	n/a	n/a	n/a	n/a	false	223	none	/general/extracellular_ephys/auto_group	auto_group	223	n/a	n/a	222	n/a	n/a	n/a
224	n/a	n/a	n/a	n/a	false	224	none	/general/extracellular_ephys/auto_group	auto_group	224	n/a	n/a	223	n/a	n/a	n/a
225	n/a	n/a	n/a	n/a	false	225	none	/general/extracellular_ephys/auto_group	auto_group	225	n/a	n/a	224	n/a	n/a	n/a
226	n/a	n/a	n/a	n/a	false	226	none	/general/extracellular_ephys/auto_group	auto_group	226	n/a	n/a	225	n/a	n/a	n/a
227	n/a	n/a	n/a	n/a	false	227	none	/general/extracellular_ephys/auto_group	auto_group	227	n/a	n/a	226	n/a	n/a	n/a
228	n/a	n/a	n/a	n/a	false	228	none	/general/extracellular_ephys/auto_group	auto_group	228	n/a	n/a	227	n/a	n/a	n/a
229	n/a	n/a	n/a	n/a	false	229	none	/general/extracellular_ephys/auto_group	auto_group	229	n/a	n/a	228	n/a	n/a	n/a
230	n/a	n/a	n/a	n/a	false	230	none	/general/extracellular_ephys/auto_group	auto_group	230	n/a	n/a	229	n/a	n/a	n/a
231	n/a	n/a	n/a	n/a	false	231	none	/general/extracellular_ephys/auto_group	auto_group	231	n/a	n/a	230	n/a	n/a	n/a
232	n/a	n/a	n/a	n/a	false	232	none	/general/extracellular_ephys/auto_group	auto_group	232	n/a	n/a	231	n/a	n/a	n/a
233	n/a	n/a	n/a	n/a	false	233	none	/general/extracellular_ephys/auto_group	auto_group	233	n/a	n/a	232	n/a	n/a	n/a
234	n/a	n/a	n/a	n/a	false	234	none	/general/extracellular_ephys/auto_group	auto_group	234	n/a	n/a	233	n/a	n/a	n/a
235	n/a	n/a	n/a	n/a	false	235	none	/general/extracellular_ephys/auto_group	auto_group	235	n/a	n/a	234	n/a	n/a	n/a
236	n/a	n/a	n/a	n/a	false	236	none	/general/extracellular_ephys/auto_group	auto_group	236	n/a	n/a	235	n/a	n/a	n/a
237	n/a	n/a	n/a	n/a	false	237	none	/general/extracellular_ephys/auto_group	auto_group	237	n/a	n/a	236	n/a	n/a	n/a
238	n/a	n/a	n/a	n/a	false	238	none	/general/extracellular_ephys/auto_group	auto_group	238	n/a	n/a	237	n/a	n/a	n/a
239	n/a	n/a	n/a	n/a	false	239	none	/general/extracellular_ephys/auto_group	auto_group	239	n/a	n/a	238	n/a	n/a	n/a
240	n/a	n/a	n/a	n/a	false	240	none	/general/extracellular_ephys/auto_group	auto_group	240	n/a	n/a	239	n/a	n/a	n/a
241	n/a	n/a	n/a	n/a	false	241	none	/general/extracellular_ephys/auto_group	auto_group	241	n/a	n/a	240	n/a	n/a	n/a
242	n/a	n/a	n/a	n/a	false	242	none	/general/extracellular_ephys/auto_group	auto_group	242	n/a	n/a	241	n/a	n/a	n/a
243	n/a	n/a	n/a	n/a	false	243	none	/general/extracellular_ephys/auto_group	auto_group	243	n/a	n/a	242	n/a	n/a	n/a
244	n/a	n/a	n/a	n/a	false	244	none	/general/extracellular_ephys/auto_group	auto_group	244	n/a	n/a	243	n/a	n/a	n/a
245	n/a	n/a	n/a	n/a	false	245	none	/general/extracellular_ephys/auto_group	auto_group	245	n/a	n/a	244	n/a	n/a	n/a
246	n/a	n/a	n/a	n/a	false	246	none	/general/extracellular_ephys/auto_group	auto_group	246	n/a	n/a	245	n/a	n/a	n/a
247	n/a	n/a	n/a	n/a	false	247	none	/general/extracellular_ephys/auto_group	auto_group	247	n/a	n/a	246	n/a	n/a	n/a
248	n/a	n/a	n/a	n/a	false	248	none	/general/extracellular_ephys/auto_group	auto_group	248	n/a	n/a	247	n/a	n/a	n/a
249	n/a	n/a	n/a	n/a	false	249	none	/general/extracellular_ephys/auto_group	auto_group	249	n/a	n/a	248	n/a	n/a	n/a
250	n/a	n/a	n/a	n/a	false	250	none	/general/extracellular_ephys/auto_group	auto_group	250	n/a	n/a	249	n/a	n/a	n/a
251	n/a	n/a	n/a	n/a	false	251	none	/general/extracellular_ephys/auto_group	auto_group	251	n/a	n/a	250	n/a	n/a	n/a
252	n/a	n/a	n/a	n/a	false	252	none	/general/extracellular_ephys/auto_group	auto_group	252	n/a	n/a	251	n/a	n/a	n/a
253	n/a	n/a	n/a	n/a	false	253	none	/general/extracellular_ephys/auto_group	auto_group	253	n/a	n/a	252	n/a	n/a	n/a
254	n/a	n/a	n/a	n/a	false	254	none	/general/extracellular_ephys/auto_group	auto_group	254	n/a	n/a	253	n/a	n/a	n/a
255	n/a	n/a	n/a	n/a	false	255	none	/general/extracellular_ephys/auto_group	auto_group	255	n/a	n/a	254	n/a	n/a	n/a
256	n/a	n/a	n/a	n/a	true	256	none	/general/extracellular_ephys/auto_group	auto_group	256	n/a	n/a	255	n/a	n/a	n/a
