name	type	units	low_cutoff	high_cutoff	nwb_table_row	nwb_electrode_id	sampling_frequency	status	status_description
0	ECOG	V	n/a	n/a	0	0	3051.7578	good	NWB electrode bad flag
1	ECOG	V	n/a	n/a	1	1	3051.7578	good	NWB electrode bad flag
2	ECOG	V	n/a	n/a	2	2	3051.7578	good	NWB electrode bad flag
3	ECOG	V	n/a	n/a	3	3	3051.7578	good	NWB electrode bad flag
4	ECOG	V	n/a	n/a	4	4	3051.7578	good	NWB electrode bad flag
5	ECOG	V	n/a	n/a	5	5	3051.7578	good	NWB electrode bad flag
6	ECOG	V	n/a	n/a	6	6	3051.7578	good	NWB electrode bad flag
7	ECOG	V	n/a	n/a	7	7	3051.7578	good	NWB electrode bad flag
8	ECOG	V	n/a	n/a	8	8	3051.7578	good	NWB electrode bad flag
9	ECOG	V	n/a	n/a	9	9	3051.7578	good	NWB electrode bad flag
10	ECOG	V	n/a	n/a	10	10	3051.7578	good	NWB electrode bad flag
11	ECOG	V	n/a	n/a	11	11	3051.7578	good	NWB electrode bad flag
12	ECOG	V	n/a	n/a	12	12	3051.7578	good	NWB electrode bad flag
13	ECOG	V	n/a	n/a	13	13	3051.7578	good	NWB electrode bad flag
14	ECOG	V	n/a	n/a	14	14	3051.7578	good	NWB electrode bad flag
15	ECOG	V	n/a	n/a	15	15	3051.7578	good	NWB electrode bad flag
16	ECOG	V	n/a	n/a	16	16	3051.7578	good	NWB electrode bad flag
17	ECOG	V	n/a	n/a	17	17	3051.7578	good	NWB electrode bad flag
18	ECOG	V	n/a	n/a	18	18	3051.7578	good	NWB electrode bad flag
19	ECOG	V	n/a	n/a	19	19	3051.7578	good	NWB electrode bad flag
20	ECOG	V	n/a	n/a	20	20	3051.7578	good	NWB electrode bad flag
21	ECOG	V	n/a	n/a	21	21	3051.7578	good	NWB electrode bad flag
22	ECOG	V	n/a	n/a	22	22	3051.7578	good	NWB electrode bad flag
23	ECOG	V	n/a	n/a	23	23	3051.7578	good	NWB electrode bad flag
24	ECOG	V	n/a	n/a	24	24	3051.7578	good	NWB electrode bad flag
25	ECOG	V	n/a	n/a	25	25	3051.7578	good	NWB electrode bad flag
26	ECOG	V	n/a	n/a	26	26	3051.7578	good	NWB electrode bad flag
27	ECOG	V	n/a	n/a	27	27	3051.7578	good	NWB electrode bad flag
28	ECOG	V	n/a	n/a	28	28	3051.7578	good	NWB electrode bad flag
29	ECOG	V	n/a	n/a	29	29	3051.7578	good	NWB electrode bad flag
30	ECOG	V	n/a	n/a	30	30	3051.7578	good	NWB electrode bad flag
31	ECOG	V	n/a	n/a	31	31	3051.7578	good	NWB electrode bad flag
32	ECOG	V	n/a	n/a	32	32	3051.7578	good	NWB electrode bad flag
33	ECOG	V	n/a	n/a	33	33	3051.7578	good	NWB electrode bad flag
34	ECOG	V	n/a	n/a	34	34	3051.7578	good	NWB electrode bad flag
35	ECOG	V	n/a	n/a	35	35	3051.7578	good	NWB electrode bad flag
36	ECOG	V	n/a	n/a	36	36	3051.7578	good	NWB electrode bad flag
37	ECOG	V	n/a	n/a	37	37	3051.7578	good	NWB electrode bad flag
38	ECOG	V	n/a	n/a	38	38	3051.7578	good	NWB electrode bad flag
39	ECOG	V	n/a	n/a	39	39	3051.7578	good	NWB electrode bad flag
40	ECOG	V	n/a	n/a	40	40	3051.7578	good	NWB electrode bad flag
41	ECOG	V	n/a	n/a	41	41	3051.7578	good	NWB electrode bad flag
42	ECOG	V	n/a	n/a	42	42	3051.7578	good	NWB electrode bad flag
43	ECOG	V	n/a	n/a	43	43	3051.7578	good	NWB electrode bad flag
44	ECOG	V	n/a	n/a	44	44	3051.7578	good	NWB electrode bad flag
45	ECOG	V	n/a	n/a	45	45	3051.7578	good	NWB electrode bad flag
46	ECOG	V	n/a	n/a	46	46	3051.7578	good	NWB electrode bad flag
47	ECOG	V	n/a	n/a	47	47	3051.7578	good	NWB electrode bad flag
48	ECOG	V	n/a	n/a	48	48	3051.7578	bad	NWB electrode bad flag
49	ECOG	V	n/a	n/a	49	49	3051.7578	good	NWB electrode bad flag
50	ECOG	V	n/a	n/a	50	50	3051.7578	good	NWB electrode bad flag
51	ECOG	V	n/a	n/a	51	51	3051.7578	good	NWB electrode bad flag
52	ECOG	V	n/a	n/a	52	52	3051.7578	good	NWB electrode bad flag
53	ECOG	V	n/a	n/a	53	53	3051.7578	good	NWB electrode bad flag
54	ECOG	V	n/a	n/a	54	54	3051.7578	good	NWB electrode bad flag
55	ECOG	V	n/a	n/a	55	55	3051.7578	good	NWB electrode bad flag
56	ECOG	V	n/a	n/a	56	56	3051.7578	good	NWB electrode bad flag
57	ECOG	V	n/a	n/a	57	57	3051.7578	good	NWB electrode bad flag
58	ECOG	V	n/a	n/a	58	58	3051.7578	good	NWB electrode bad flag
59	ECOG	V	n/a	n/a	59	59	3051.7578	good	NWB electrode bad flag
60	ECOG	V	n/a	n/a	60	60	3051.7578	good	NWB electrode bad flag
61	ECOG	V	n/a	n/a	61	61	3051.7578	good	NWB electrode bad flag
62	ECOG	V	n/a	n/a	62	62	3051.7578	good	NWB electrode bad flag
63	ECOG	V	n/a	n/a	63	63	3051.7578	good	NWB electrode bad flag
64	ECOG	V	n/a	n/a	64	64	3051.7578	good	NWB electrode bad flag
65	ECOG	V	n/a	n/a	65	65	3051.7578	good	NWB electrode bad flag
66	ECOG	V	n/a	n/a	66	66	3051.7578	good	NWB electrode bad flag
67	ECOG	V	n/a	n/a	67	67	3051.7578	good	NWB electrode bad flag
68	ECOG	V	n/a	n/a	68	68	3051.7578	good	NWB electrode bad flag
69	ECOG	V	n/a	n/a	69	69	3051.7578	good	NWB electrode bad flag
70	ECOG	V	n/a	n/a	70	70	3051.7578	good	NWB electrode bad flag
71	ECOG	V	n/a	n/a	71	71	3051.7578	good	NWB electrode bad flag
72	ECOG	V	n/a	n/a	72	72	3051.7578	good	NWB electrode bad flag
73	ECOG	V	n/a	n/a	73	73	3051.7578	good	NWB electrode bad flag
74	ECOG	V	n/a	n/a	74	74	3051.7578	good	NWB electrode bad flag
75	ECOG	V	n/a	n/a	75	75	3051.7578	good	NWB electrode bad flag
76	ECOG	V	n/a	n/a	76	76	3051.7578	good	NWB electrode bad flag
77	ECOG	V	n/a	n/a	77	77	3051.7578	good	NWB electrode bad flag
78	ECOG	V	n/a	n/a	78	78	3051.7578	good	NWB electrode bad flag
79	ECOG	V	n/a	n/a	79	79	3051.7578	good	NWB electrode bad flag
80	ECOG	V	n/a	n/a	80	80	3051.7578	good	NWB electrode bad flag
81	ECOG	V	n/a	n/a	81	81	3051.7578	good	NWB electrode bad flag
82	ECOG	V	n/a	n/a	82	82	3051.7578	good	NWB electrode bad flag
83	ECOG	V	n/a	n/a	83	83	3051.7578	good	NWB electrode bad flag
84	ECOG	V	n/a	n/a	84	84	3051.7578	good	NWB electrode bad flag
85	ECOG	V	n/a	n/a	85	85	3051.7578	good	NWB electrode bad flag
86	ECOG	V	n/a	n/a	86	86	3051.7578	good	NWB electrode bad flag
87	ECOG	V	n/a	n/a	87	87	3051.7578	good	NWB electrode bad flag
88	ECOG	V	n/a	n/a	88	88	3051.7578	good	NWB electrode bad flag
89	ECOG	V	n/a	n/a	89	89	3051.7578	good	NWB electrode bad flag
90	ECOG	V	n/a	n/a	90	90	3051.7578	good	NWB electrode bad flag
91	ECOG	V	n/a	n/a	91	91	3051.7578	good	NWB electrode bad flag
92	ECOG	V	n/a	n/a	92	92	3051.7578	good	NWB electrode bad flag
93	ECOG	V	n/a	n/a	93	93	3051.7578	good	NWB electrode bad flag
94	ECOG	V	n/a	n/a	94	94	3051.7578	good	NWB electrode bad flag
95	ECOG	V	n/a	n/a	95	95	3051.7578	good	NWB electrode bad flag
96	ECOG	V	n/a	n/a	96	96	3051.7578	good	NWB electrode bad flag
97	ECOG	V	n/a	n/a	97	97	3051.7578	good	NWB electrode bad flag
98	ECOG	V	n/a	n/a	98	98	3051.7578	good	NWB electrode bad flag
99	ECOG	V	n/a	n/a	99	99	3051.7578	good	NWB electrode bad flag
100	ECOG	V	n/a	n/a	100	100	3051.7578	good	NWB electrode bad flag
101	ECOG	V	n/a	n/a	101	101	3051.7578	good	NWB electrode bad flag
102	ECOG	V	n/a	n/a	102	102	3051.7578	good	NWB electrode bad flag
103	ECOG	V	n/a	n/a	103	103	3051.7578	good	NWB electrode bad flag
104	ECOG	V	n/a	n/a	104	104	3051.7578	good	NWB electrode bad flag
105	ECOG	V	n/a	n/a	105	105	3051.7578	good	NWB electrode bad flag
106	ECOG	V	n/a	n/a	106	106	3051.7578	good	NWB electrode bad flag
107	ECOG	V	n/a	n/a	107	107	3051.7578	good	NWB electrode bad flag
108	ECOG	V	n/a	n/a	108	108	3051.7578	good	NWB electrode bad flag
109	ECOG	V	n/a	n/a	109	109	3051.7578	good	NWB electrode bad flag
110	ECOG	V	n/a	n/a	110	110	3051.7578	good	NWB electrode bad flag
111	ECOG	V	n/a	n/a	111	111	3051.7578	good	NWB electrode bad flag
112	ECOG	V	n/a	n/a	112	112	3051.7578	bad	NWB electrode bad flag
113	ECOG	V	n/a	n/a	113	113	3051.7578	bad	NWB electrode bad flag
114	ECOG	V	n/a	n/a	114	114	3051.7578	bad	NWB electrode bad flag
115	ECOG	V	n/a	n/a	115	115	3051.7578	bad	NWB electrode bad flag
116	ECOG	V	n/a	n/a	116	116	3051.7578	good	NWB electrode bad flag
117	ECOG	V	n/a	n/a	117	117	3051.7578	good	NWB electrode bad flag
118	ECOG	V	n/a	n/a	118	118	3051.7578	good	NWB electrode bad flag
119	ECOG	V	n/a	n/a	119	119	3051.7578	good	NWB electrode bad flag
120	ECOG	V	n/a	n/a	120	120	3051.7578	good	NWB electrode bad flag
121	ECOG	V	n/a	n/a	121	121	3051.7578	good	NWB electrode bad flag
122	ECOG	V	n/a	n/a	122	122	3051.7578	good	NWB electrode bad flag
123	ECOG	V	n/a	n/a	123	123	3051.7578	bad	NWB electrode bad flag
124	ECOG	V	n/a	n/a	124	124	3051.7578	good	NWB electrode bad flag
125	ECOG	V	n/a	n/a	125	125	3051.7578	good	NWB electrode bad flag
126	ECOG	V	n/a	n/a	126	126	3051.7578	good	NWB electrode bad flag
127	ECOG	V	n/a	n/a	127	127	3051.7578	bad	NWB electrode bad flag
128	ECOG	V	n/a	n/a	128	128	3051.7578	good	NWB electrode bad flag
129	ECOG	V	n/a	n/a	129	129	3051.7578	good	NWB electrode bad flag
130	ECOG	V	n/a	n/a	130	130	3051.7578	good	NWB electrode bad flag
131	ECOG	V	n/a	n/a	131	131	3051.7578	good	NWB electrode bad flag
132	ECOG	V	n/a	n/a	132	132	3051.7578	good	NWB electrode bad flag
133	ECOG	V	n/a	n/a	133	133	3051.7578	good	NWB electrode bad flag
134	ECOG	V	n/a	n/a	134	134	3051.7578	good	NWB electrode bad flag
135	ECOG	V	n/a	n/a	135	135	3051.7578	good	NWB electrode bad flag
136	ECOG	V	n/a	n/a	136	136	3051.7578	good	NWB electrode bad flag
137	ECOG	V	n/a	n/a	137	137	3051.7578	good	NWB electrode bad flag
138	ECOG	V	n/a	n/a	138	138	3051.7578	good	NWB electrode bad flag
139	ECOG	V	n/a	n/a	139	139	3051.7578	good	NWB electrode bad flag
140	ECOG	V	n/a	n/a	140	140	3051.7578	good	NWB electrode bad flag
141	ECOG	V	n/a	n/a	141	141	3051.7578	good	NWB electrode bad flag
142	ECOG	V	n/a	n/a	142	142	3051.7578	good	NWB electrode bad flag
143	ECOG	V	n/a	n/a	143	143	3051.7578	good	NWB electrode bad flag
144	ECOG	V	n/a	n/a	144	144	3051.7578	good	NWB electrode bad flag
145	ECOG	V	n/a	n/a	145	145	3051.7578	good	NWB electrode bad flag
146	ECOG	V	n/a	n/a	146	146	3051.7578	good	NWB electrode bad flag
147	ECOG	V	n/a	n/a	147	147	3051.7578	good	NWB electrode bad flag
148	ECOG	V	n/a	n/a	148	148	3051.7578	good	NWB electrode bad flag
149	ECOG	V	n/a	n/a	149	149	3051.7578	good	NWB electrode bad flag
150	ECOG	V	n/a	n/a	150	150	3051.7578	good	NWB electrode bad flag
151	ECOG	V	n/a	n/a	151	151	3051.7578	good	NWB electrode bad flag
152	ECOG	V	n/a	n/a	152	152	3051.7578	good	NWB electrode bad flag
153	ECOG	V	n/a	n/a	153	153	3051.7578	good	NWB electrode bad flag
154	ECOG	V	n/a	n/a	154	154	3051.7578	good	NWB electrode bad flag
155	ECOG	V	n/a	n/a	155	155	3051.7578	good	NWB electrode bad flag
156	ECOG	V	n/a	n/a	156	156	3051.7578	good	NWB electrode bad flag
157	ECOG	V	n/a	n/a	157	157	3051.7578	good	NWB electrode bad flag
158	ECOG	V	n/a	n/a	158	158	3051.7578	good	NWB electrode bad flag
159	ECOG	V	n/a	n/a	159	159	3051.7578	good	NWB electrode bad flag
160	ECOG	V	n/a	n/a	160	160	3051.7578	good	NWB electrode bad flag
161	ECOG	V	n/a	n/a	161	161	3051.7578	good	NWB electrode bad flag
162	ECOG	V	n/a	n/a	162	162	3051.7578	good	NWB electrode bad flag
163	ECOG	V	n/a	n/a	163	163	3051.7578	good	NWB electrode bad flag
164	ECOG	V	n/a	n/a	164	164	3051.7578	good	NWB electrode bad flag
165	ECOG	V	n/a	n/a	165	165	3051.7578	good	NWB electrode bad flag
166	ECOG	V	n/a	n/a	166	166	3051.7578	good	NWB electrode bad flag
167	ECOG	V	n/a	n/a	167	167	3051.7578	good	NWB electrode bad flag
168	ECOG	V	n/a	n/a	168	168	3051.7578	good	NWB electrode bad flag
169	ECOG	V	n/a	n/a	169	169	3051.7578	good	NWB electrode bad flag
170	ECOG	V	n/a	n/a	170	170	3051.7578	good	NWB electrode bad flag
171	ECOG	V	n/a	n/a	171	171	3051.7578	good	NWB electrode bad flag
172	ECOG	V	n/a	n/a	172	172	3051.7578	good	NWB electrode bad flag
173	ECOG	V	n/a	n/a	173	173	3051.7578	good	NWB electrode bad flag
174	ECOG	V	n/a	n/a	174	174	3051.7578	good	NWB electrode bad flag
175	ECOG	V	n/a	n/a	175	175	3051.7578	good	NWB electrode bad flag
176	ECOG	V	n/a	n/a	176	176	3051.7578	good	NWB electrode bad flag
177	ECOG	V	n/a	n/a	177	177	3051.7578	good	NWB electrode bad flag
178	ECOG	V	n/a	n/a	178	178	3051.7578	good	NWB electrode bad flag
179	ECOG	V	n/a	n/a	179	179	3051.7578	good	NWB electrode bad flag
180	ECOG	V	n/a	n/a	180	180	3051.7578	good	NWB electrode bad flag
181	ECOG	V	n/a	n/a	181	181	3051.7578	good	NWB electrode bad flag
182	ECOG	V	n/a	n/a	182	182	3051.7578	good	NWB electrode bad flag
183	ECOG	V	n/a	n/a	183	183	3051.7578	good	NWB electrode bad flag
184	ECOG	V	n/a	n/a	184	184	3051.7578	good	NWB electrode bad flag
185	ECOG	V	n/a	n/a	185	185	3051.7578	good	NWB electrode bad flag
186	ECOG	V	n/a	n/a	186	186	3051.7578	good	NWB electrode bad flag
187	ECOG	V	n/a	n/a	187	187	3051.7578	good	NWB electrode bad flag
188	ECOG	V	n/a	n/a	188	188	3051.7578	good	NWB electrode bad flag
189	ECOG	V	n/a	n/a	189	189	3051.7578	good	NWB electrode bad flag
190	ECOG	V	n/a	n/a	190	190	3051.7578	good	NWB electrode bad flag
191	ECOG	V	n/a	n/a	191	191	3051.7578	good	NWB electrode bad flag
192	ECOG	V	n/a	n/a	192	192	3051.7578	good	NWB electrode bad flag
193	ECOG	V	n/a	n/a	193	193	3051.7578	good	NWB electrode bad flag
194	ECOG	V	n/a	n/a	194	194	3051.7578	good	NWB electrode bad flag
195	ECOG	V	n/a	n/a	195	195	3051.7578	good	NWB electrode bad flag
196	ECOG	V	n/a	n/a	196	196	3051.7578	good	NWB electrode bad flag
197	ECOG	V	n/a	n/a	197	197	3051.7578	good	NWB electrode bad flag
198	ECOG	V	n/a	n/a	198	198	3051.7578	good	NWB electrode bad flag
199	ECOG	V	n/a	n/a	199	199	3051.7578	good	NWB electrode bad flag
200	ECOG	V	n/a	n/a	200	200	3051.7578	good	NWB electrode bad flag
201	ECOG	V	n/a	n/a	201	201	3051.7578	good	NWB electrode bad flag
202	ECOG	V	n/a	n/a	202	202	3051.7578	good	NWB electrode bad flag
203	ECOG	V	n/a	n/a	203	203	3051.7578	good	NWB electrode bad flag
204	ECOG	V	n/a	n/a	204	204	3051.7578	good	NWB electrode bad flag
205	ECOG	V	n/a	n/a	205	205	3051.7578	good	NWB electrode bad flag
206	ECOG	V	n/a	n/a	206	206	3051.7578	good	NWB electrode bad flag
207	ECOG	V	n/a	n/a	207	207	3051.7578	good	NWB electrode bad flag
208	ECOG	V	n/a	n/a	208	208	3051.7578	good	NWB electrode bad flag
209	ECOG	V	n/a	n/a	209	209	3051.7578	good	NWB electrode bad flag
210	ECOG	V	n/a	n/a	210	210	3051.7578	good	NWB electrode bad flag
211	ECOG	V	n/a	n/a	211	211	3051.7578	good	NWB electrode bad flag
212	ECOG	V	n/a	n/a	212	212	3051.7578	good	NWB electrode bad flag
213	ECOG	V	n/a	n/a	213	213	3051.7578	good	NWB electrode bad flag
214	ECOG	V	n/a	n/a	214	214	3051.7578	good	NWB electrode bad flag
215	ECOG	V	n/a	n/a	215	215	3051.7578	good	NWB electrode bad flag
216	ECOG	V	n/a	n/a	216	216	3051.7578	good	NWB electrode bad flag
217	ECOG	V	n/a	n/a	217	217	3051.7578	good	NWB electrode bad flag
218	ECOG	V	n/a	n/a	218	218	3051.7578	good	NWB electrode bad flag
219	ECOG	V	n/a	n/a	219	219	3051.7578	good	NWB electrode bad flag
220	ECOG	V	n/a	n/a	220	220	3051.7578	good	NWB electrode bad flag
221	ECOG	V	n/a	n/a	221	221	3051.7578	good	NWB electrode bad flag
222	ECOG	V	n/a	n/a	222	222	3051.7578	good	NWB electrode bad flag
223	ECOG	V	n/a	n/a	223	223	3051.7578	good	NWB electrode bad flag
224	ECOG	V	n/a	n/a	224	224	3051.7578	good	NWB electrode bad flag
225	ECOG	V	n/a	n/a	225	225	3051.7578	good	NWB electrode bad flag
226	ECOG	V	n/a	n/a	226	226	3051.7578	good	NWB electrode bad flag
227	ECOG	V	n/a	n/a	227	227	3051.7578	good	NWB electrode bad flag
228	ECOG	V	n/a	n/a	228	228	3051.7578	good	NWB electrode bad flag
229	ECOG	V	n/a	n/a	229	229	3051.7578	good	NWB electrode bad flag
230	ECOG	V	n/a	n/a	230	230	3051.7578	good	NWB electrode bad flag
231	ECOG	V	n/a	n/a	231	231	3051.7578	good	NWB electrode bad flag
232	ECOG	V	n/a	n/a	232	232	3051.7578	good	NWB electrode bad flag
233	ECOG	V	n/a	n/a	233	233	3051.7578	good	NWB electrode bad flag
234	ECOG	V	n/a	n/a	234	234	3051.7578	good	NWB electrode bad flag
235	ECOG	V	n/a	n/a	235	235	3051.7578	good	NWB electrode bad flag
236	ECOG	V	n/a	n/a	236	236	3051.7578	good	NWB electrode bad flag
237	ECOG	V	n/a	n/a	237	237	3051.7578	good	NWB electrode bad flag
238	ECOG	V	n/a	n/a	238	238	3051.7578	good	NWB electrode bad flag
239	ECOG	V	n/a	n/a	239	239	3051.7578	good	NWB electrode bad flag
240	ECOG	V	n/a	n/a	240	240	3051.7578	good	NWB electrode bad flag
241	ECOG	V	n/a	n/a	241	241	3051.7578	good	NWB electrode bad flag
242	ECOG	V	n/a	n/a	242	242	3051.7578	good	NWB electrode bad flag
243	ECOG	V	n/a	n/a	243	243	3051.7578	good	NWB electrode bad flag
244	ECOG	V	n/a	n/a	244	244	3051.7578	good	NWB electrode bad flag
245	ECOG	V	n/a	n/a	245	245	3051.7578	good	NWB electrode bad flag
246	ECOG	V	n/a	n/a	246	246	3051.7578	good	NWB electrode bad flag
247	ECOG	V	n/a	n/a	247	247	3051.7578	good	NWB electrode bad flag
248	ECOG	V	n/a	n/a	248	248	3051.7578	good	NWB electrode bad flag
249	ECOG	V	n/a	n/a	249	249	3051.7578	good	NWB electrode bad flag
250	ECOG	V	n/a	n/a	250	250	3051.7578	good	NWB electrode bad flag
251	ECOG	V	n/a	n/a	251	251	3051.7578	good	NWB electrode bad flag
252	ECOG	V	n/a	n/a	252	252	3051.7578	good	NWB electrode bad flag
253	ECOG	V	n/a	n/a	253	253	3051.7578	good	NWB electrode bad flag
254	ECOG	V	n/a	n/a	254	254	3051.7578	good	NWB electrode bad flag
255	ECOG	V	n/a	n/a	255	255	3051.7578	bad	NWB electrode bad flag
